engine,symbol,trade_number,signal_ts_utc,entry_ts_utc,exit_ts_utc,signal_source_row_id,entry_source_row_id,exit_source_row_id,signal_index_oos,entry_index_oos,exit_index_oos,direction,entry_price,stop_price,target_price,exit_price,held_bars,pnl_points,r_multiple,outcome,source_bars,oos_bars,input_sha256,prover_sha256
meanrev,CM.ESU6,1,2026-06-25T23:45:15.000Z,2026-06-25T23:45:30.000Z,2026-06-26T00:05:15.000Z,127499,127500,127597,20,21,100,long,7427.25,7411.75,7431.0,7428.25,79,1.0,0.0645,win,18906,7563,58bc710e2327655c105b13f43632b9a7d25125a22b8caf987526d43ab695e341,9c09f0a96c9e0e5e41e227ec57be14f0563d76ff65342bd4942b5423c4df1178
meanrev,CM.ESU6,2,2026-06-26T00:12:15.000Z,2026-06-26T00:12:30.000Z,2026-06-26T00:12:45.000Z,127625,127626,127627,128,129,130,long,7428.0,7418.5,7430.0,7430.0,1,2.0,0.2105,win,18906,7563,58bc710e2327655c105b13f43632b9a7d25125a22b8caf987526d43ab695e341,9c09f0a96c9e0e5e41e227ec57be14f0563d76ff65342bd4942b5423c4df1178
meanrev,CM.ESU6,3,2026-06-26T00:13:15.000Z,2026-06-26T00:13:30.000Z,2026-06-26T00:13:30.000Z,127629,127630,127630,132,133,133,long,7427.25,7415.5,7429.5,7429.5,0,2.25,0.1915,win,18906,7563,58bc710e2327655c105b13f43632b9a7d25125a22b8caf987526d43ab695e341,9c09f0a96c9e0e5e41e227ec57be14f0563d76ff65342bd4942b5423c4df1178
meanrev,CM.ESU6,4,2026-06-26T00:17:45.000Z,2026-06-26T00:18:00.000Z,2026-06-26T00:18:30.000Z,127674,127675,127677,150,151,153,short,7433.75,7445.25,7431.75,7431.75,2,2.0,0.1739,win,18906,7563,58bc710e2327655c105b13f43632b9a7d25125a22b8caf987526d43ab695e341,9c09f0a96c9e0e5e41e227ec57be14f0563d76ff65342bd4942b5423c4df1178
meanrev,CM.ESU6,5,2026-06-26T00:20:00.000Z,2026-06-26T00:20:15.000Z,2026-06-26T00:20:45.000Z,127683,127684,127686,159,160,162,long,7427.5,7415.25,7429.75,7429.75,2,2.25,0.1837,win,18906,7563,58bc710e2327655c105b13f43632b9a7d25125a22b8caf987526d43ab695e341,9c09f0a96c9e0e5e41e227ec57be14f0563d76ff65342bd4942b5423c4df1178
meanrev,CM.ESU6,6,2026-06-26T00:25:00.000Z,2026-06-26T00:25:15.000Z,2026-06-26T00:25:45.000Z,127712,127713,127715,179,180,182,long,7426.25,7419.0,7427.75,7427.75,2,1.5,0.2069,win,18906,7563,58bc710e2327655c105b13f43632b9a7d25125a22b8caf987526d43ab695e341,9c09f0a96c9e0e5e41e227ec57be14f0563d76ff65342bd4942b5423c4df1178
meanrev,CM.ESU6,7,2026-06-26T00:26:15.000Z,2026-06-26T00:26:30.000Z,2026-06-26T00:28:45.000Z,127717,127718,127727,184,185,194,long,7425.5,7416.5,7427.25,7427.25,9,1.75,0.1944,win,18906,7563,58bc710e2327655c105b13f43632b9a7d25125a22b8caf987526d43ab695e341,9c09f0a96c9e0e5e41e227ec57be14f0563d76ff65342bd4942b5423c4df1178
meanrev,CM.ESU6,8,2026-06-26T00:30:00.000Z,2026-06-26T00:30:15.000Z,2026-06-26T00:30:45.000Z,127732,127733,127735,199,200,202,short,7429.25,7442.75,7426.75,7426.75,2,2.5,0.1852,win,18906,7563,58bc710e2327655c105b13f43632b9a7d25125a22b8caf987526d43ab695e341,9c09f0a96c9e0e5e41e227ec57be14f0563d76ff65342bd4942b5423c4df1178
meanrev,CM.ESU6,9,2026-06-26T00:34:45.000Z,2026-06-26T00:35:00.000Z,2026-06-26T00:35:15.000Z,127751,127752,127753,218,219,220,long,7423.5,7411.75,7425.5,7425.5,1,2.0,0.1702,win,18906,7563,58bc710e2327655c105b13f43632b9a7d25125a22b8caf987526d43ab695e341,9c09f0a96c9e0e5e41e227ec57be14f0563d76ff65342bd4942b5423c4df1178
meanrev,CM.ESU6,10,2026-06-26T00:35:45.000Z,2026-06-26T00:36:00.000Z,2026-06-26T00:36:45.000Z,127755,127756,127759,222,223,226,long,7422.75,7412.75,7424.75,7424.75,3,2.0,0.2,win,18906,7563,58bc710e2327655c105b13f43632b9a7d25125a22b8caf987526d43ab695e341,9c09f0a96c9e0e5e41e227ec57be14f0563d76ff65342bd4942b5423c4df1178
meanrev,CM.ESU6,11,2026-06-26T00:40:45.000Z,2026-06-26T00:41:00.000Z,2026-06-26T00:41:15.000Z,127775,127776,127777,242,243,244,short,7429.0,7440.5,7426.5,7426.5,1,2.5,0.2174,win,18906,7563,58bc710e2327655c105b13f43632b9a7d25125a22b8caf987526d43ab695e341,9c09f0a96c9e0e5e41e227ec57be14f0563d76ff65342bd4942b5423c4df1178
meanrev,CM.ESU6,12,2026-06-26T00:42:30.000Z,2026-06-26T00:42:45.000Z,2026-06-26T00:43:00.000Z,127791,127792,127793,249,250,251,short,7429.5,7440.0,7427.25,7427.25,1,2.25,0.2143,win,18906,7563,58bc710e2327655c105b13f43632b9a7d25125a22b8caf987526d43ab695e341,9c09f0a96c9e0e5e41e227ec57be14f0563d76ff65342bd4942b5423c4df1178
meanrev,CM.ESU6,13,2026-06-26T00:49:00.000Z,2026-06-26T00:49:15.000Z,2026-06-26T00:49:45.000Z,127817,127818,127820,275,276,278,short,7428.75,7436.25,7427.5,7427.5,2,1.25,0.1667,win,18906,7563,58bc710e2327655c105b13f43632b9a7d25125a22b8caf987526d43ab695e341,9c09f0a96c9e0e5e41e227ec57be14f0563d76ff65342bd4942b5423c4df1178
meanrev,CM.ESU6,14,2026-06-26T00:50:15.000Z,2026-06-26T00:50:30.000Z,2026-06-26T00:51:15.000Z,127822,127823,127826,280,281,284,long,7424.75,7415.75,7426.25,7426.25,3,1.5,0.1667,win,18906,7563,58bc710e2327655c105b13f43632b9a7d25125a22b8caf987526d43ab695e341,9c09f0a96c9e0e5e41e227ec57be14f0563d76ff65342bd4942b5423c4df1178
meanrev,CM.ESU6,15,2026-06-26T00:54:45.000Z,2026-06-26T00:55:00.000Z,2026-06-26T00:59:00.000Z,127840,127841,127866,298,299,315,long,7421.75,7409.25,7424.5,7424.5,16,2.75,0.22,win,18906,7563,58bc710e2327655c105b13f43632b9a7d25125a22b8caf987526d43ab695e341,9c09f0a96c9e0e5e41e227ec57be14f0563d76ff65342bd4942b5423c4df1178
meanrev,CM.ESU6,16,2026-06-26T01:01:15.000Z,2026-06-26T01:01:30.000Z,2026-06-26T01:02:15.000Z,127884,127885,127888,324,325,328,short,7425.0,7436.25,7423.25,7423.25,3,1.75,0.1556,win,18906,7563,58bc710e2327655c105b13f43632b9a7d25125a22b8caf987526d43ab695e341,9c09f0a96c9e0e5e41e227ec57be14f0563d76ff65342bd4942b5423c4df1178
meanrev,CM.ESU6,17,2026-06-26T01:04:45.000Z,2026-06-26T01:05:00.000Z,2026-06-26T01:11:15.000Z,127907,127908,127942,338,339,364,long,7419.0,7407.0,7421.75,7421.75,25,2.75,0.2292,win,18906,7563,58bc710e2327655c105b13f43632b9a7d25125a22b8caf987526d43ab695e341,9c09f0a96c9e0e5e41e227ec57be14f0563d76ff65342bd4942b5423c4df1178
meanrev,CM.ESU6,18,2026-06-26T01:11:15.000Z,2026-06-26T01:11:30.000Z,2026-06-29T02:28:15.000Z,127942,127943,129768,364,365,426,short,7422.5,7439.75,7419.25,7439.75,61,-17.25,-1.0,loss,18906,7563,58bc710e2327655c105b13f43632b9a7d25125a22b8caf987526d43ab695e341,9c09f0a96c9e0e5e41e227ec57be14f0563d76ff65342bd4942b5423c4df1178
meanrev,CM.ESU6,19,2026-06-29T02:28:15.000Z,2026-06-29T02:28:30.000Z,2026-06-29T02:48:15.000Z,129768,129778,129866,426,427,506,short,7439.5,7484.75,7432.0,7440.75,79,-1.25,-0.0276,loss,18906,7563,58bc710e2327655c105b13f43632b9a7d25125a22b8caf987526d43ab695e341,9c09f0a96c9e0e5e41e227ec57be14f0563d76ff65342bd4942b5423c4df1178
meanrev,CM.ESU6,20,2026-06-29T02:48:15.000Z,2026-06-29T02:48:30.000Z,2026-06-29T02:48:45.000Z,129866,129867,129868,506,507,508,long,7440.75,7437.5,7441.5,7441.5,1,0.75,0.2308,win,18906,7563,58bc710e2327655c105b13f43632b9a7d25125a22b8caf987526d43ab695e341,9c09f0a96c9e0e5e41e227ec57be14f0563d76ff65342bd4942b5423c4df1178
meanrev,CM.ESU6,21,2026-06-29T03:00:15.000Z,2026-06-29T03:00:30.000Z,2026-06-29T03:04:30.000Z,129914,129915,129940,554,555,571,short,7443.0,7447.0,7441.75,7447.0,16,-4.0,-1.0,loss,18906,7563,58bc710e2327655c105b13f43632b9a7d25125a22b8caf987526d43ab695e341,9c09f0a96c9e0e5e41e227ec57be14f0563d76ff65342bd4942b5423c4df1178
meanrev,CM.ESU6,22,2026-06-29T03:08:45.000Z,2026-06-29T03:09:00.000Z,2026-06-29T03:10:15.000Z,129957,129958,129963,588,589,594,short,7448.0,7452.0,7447.0,7447.0,5,1.0,0.25,win,18906,7563,58bc710e2327655c105b13f43632b9a7d25125a22b8caf987526d43ab695e341,9c09f0a96c9e0e5e41e227ec57be14f0563d76ff65342bd4942b5423c4df1178
meanrev,CM.ESU6,23,2026-06-29T03:11:15.000Z,2026-06-29T03:11:30.000Z,2026-06-29T03:14:15.000Z,129967,129968,129979,598,599,610,long,7446.0,7442.0,7447.0,7447.0,11,1.0,0.25,win,18906,7563,58bc710e2327655c105b13f43632b9a7d25125a22b8caf987526d43ab695e341,9c09f0a96c9e0e5e41e227ec57be14f0563d76ff65342bd4942b5423c4df1178
meanrev,CM.ESU6,24,2026-06-29T03:15:15.000Z,2026-06-29T03:15:30.000Z,2026-06-29T03:21:15.000Z,129983,129984,130016,614,615,638,long,7444.0,7437.0,7445.25,7445.25,23,1.25,0.1786,win,18906,7563,58bc710e2327655c105b13f43632b9a7d25125a22b8caf987526d43ab695e341,9c09f0a96c9e0e5e41e227ec57be14f0563d76ff65342bd4942b5423c4df1178
meanrev,CM.ESU6,25,2026-06-29T03:22:15.000Z,2026-06-29T03:22:30.000Z,2026-06-29T03:22:30.000Z,130020,130021,130021,642,643,643,short,7445.25,7448.0,7444.5,7444.5,0,0.75,0.2727,win,18906,7563,58bc710e2327655c105b13f43632b9a7d25125a22b8caf987526d43ab695e341,9c09f0a96c9e0e5e41e227ec57be14f0563d76ff65342bd4942b5423c4df1178
meanrev,CM.ESU6,26,2026-06-29T03:22:45.000Z,2026-06-29T03:23:00.000Z,2026-06-29T03:23:45.000Z,130022,130023,130026,644,645,648,short,7445.25,7448.25,7444.5,7444.5,3,0.75,0.25,win,18906,7563,58bc710e2327655c105b13f43632b9a7d25125a22b8caf987526d43ab695e341,9c09f0a96c9e0e5e41e227ec57be14f0563d76ff65342bd4942b5423c4df1178
meanrev,CM.ESU6,27,2026-06-29T03:28:15.000Z,2026-06-29T03:28:30.000Z,2026-06-29T03:29:45.000Z,130044,130045,130050,666,667,672,short,7445.25,7449.5,7444.5,7444.5,5,0.75,0.1765,win,18906,7563,58bc710e2327655c105b13f43632b9a7d25125a22b8caf987526d43ab695e341,9c09f0a96c9e0e5e41e227ec57be14f0563d76ff65342bd4942b5423c4df1178
meanrev,CM.ESU6,28,2026-06-29T03:32:15.000Z,2026-06-29T03:32:30.000Z,2026-06-29T03:36:00.000Z,130060,130061,130084,682,683,697,long,7443.25,7437.25,7444.25,7437.25,14,-6.0,-1.0,loss,18906,7563,58bc710e2327655c105b13f43632b9a7d25125a22b8caf987526d43ab695e341,9c09f0a96c9e0e5e41e227ec57be14f0563d76ff65342bd4942b5423c4df1178
meanrev,CM.ESU6,29,2026-06-29T03:36:00.000Z,2026-06-29T03:36:15.000Z,2026-06-29T03:47:00.000Z,130084,130085,130128,697,698,741,long,7437.0,7423.5,7439.75,7439.75,43,2.75,0.2037,win,18906,7563,58bc710e2327655c105b13f43632b9a7d25125a22b8caf987526d43ab695e341,9c09f0a96c9e0e5e41e227ec57be14f0563d76ff65342bd4942b5423c4df1178
meanrev,CM.ESU6,30,2026-06-29T03:47:00.000Z,2026-06-29T03:47:15.000Z,2026-06-29T03:50:00.000Z,130128,130129,130140,741,742,753,short,7439.5,7445.5,7438.0,7445.5,11,-6.0,-1.0,loss,18906,7563,58bc710e2327655c105b13f43632b9a7d25125a22b8caf987526d43ab695e341,9c09f0a96c9e0e5e41e227ec57be14f0563d76ff65342bd4942b5423c4df1178
meanrev,CM.ESU6,31,2026-06-29T03:52:00.000Z,2026-06-29T03:52:15.000Z,2026-06-29T04:05:45.000Z,130148,130149,130221,761,762,816,short,7449.75,7470.0,7446.0,7446.0,54,3.75,0.1852,win,18906,7563,58bc710e2327655c105b13f43632b9a7d25125a22b8caf987526d43ab695e341,9c09f0a96c9e0e5e41e227ec57be14f0563d76ff65342bd4942b5423c4df1178
meanrev,CM.ESU6,32,2026-06-29T04:05:45.000Z,2026-06-29T04:06:00.000Z,2026-06-29T04:07:30.000Z,130221,130222,130229,816,817,823,long,7446.0,7442.75,7447.5,7447.75,6,1.75,0.5385,win,18906,7563,58bc710e2327655c105b13f43632b9a7d25125a22b8caf987526d43ab695e341,9c09f0a96c9e0e5e41e227ec57be14f0563d76ff65342bd4942b5423c4df1178
meanrev,CM.ESU6,33,2026-06-29T04:12:15.000Z,2026-06-29T04:12:30.000Z,2026-06-29T04:25:15.000Z,130248,130249,130318,842,843,894,long,7445.0,7438.5,7446.0,7446.0,51,1.0,0.1538,win,18906,7563,58bc710e2327655c105b13f43632b9a7d25125a22b8caf987526d43ab695e341,9c09f0a96c9e0e5e41e227ec57be14f0563d76ff65342bd4942b5423c4df1178
meanrev,CM.ESU6,34,2026-06-29T04:25:15.000Z,2026-06-29T04:25:30.000Z,2026-06-29T04:27:15.000Z,130318,130319,130326,894,895,902,short,7446.0,7453.5,7444.0,7444.0,7,2.0,0.2667,win,18906,7563,58bc710e2327655c105b13f43632b9a7d25125a22b8caf987526d43ab695e341,9c09f0a96c9e0e5e41e227ec57be14f0563d76ff65342bd4942b5423c4df1178
meanrev,CM.ESU6,35,2026-06-29T04:34:30.000Z,2026-06-29T04:34:45.000Z,2026-06-29T04:38:00.000Z,130355,130356,130378,931,932,945,long,7442.0,7436.75,7443.5,7443.5,13,1.5,0.2857,win,18906,7563,58bc710e2327655c105b13f43632b9a7d25125a22b8caf987526d43ab695e341,9c09f0a96c9e0e5e41e227ec57be14f0563d76ff65342bd4942b5423c4df1178
meanrev,CM.ESU6,36,2026-06-29T04:38:15.000Z,2026-06-29T04:38:30.000Z,2026-06-29T04:38:30.000Z,130379,130380,130380,946,947,947,short,7444.5,7451.0,7443.5,7443.5,0,1.0,0.1538,win,18906,7563,58bc710e2327655c105b13f43632b9a7d25125a22b8caf987526d43ab695e341,9c09f0a96c9e0e5e41e227ec57be14f0563d76ff65342bd4942b5423c4df1178
meanrev,CM.ESU6,37,2026-06-29T04:40:45.000Z,2026-06-29T04:41:00.000Z,2026-06-29T04:44:15.000Z,130389,130390,130412,956,957,970,long,7440.75,7434.0,7442.0,7442.0,13,1.25,0.1852,win,18906,7563,58bc710e2327655c105b13f43632b9a7d25125a22b8caf987526d43ab695e341,9c09f0a96c9e0e5e41e227ec57be14f0563d76ff65342bd4942b5423c4df1178
meanrev,CM.ESU6,38,2026-06-29T04:47:15.000Z,2026-06-29T04:47:30.000Z,2026-06-29T04:47:30.000Z,130424,130425,130425,982,983,983,short,7442.0,7446.0,7441.25,7441.25,0,0.75,0.1875,win,18906,7563,58bc710e2327655c105b13f43632b9a7d25125a22b8caf987526d43ab695e341,9c09f0a96c9e0e5e41e227ec57be14f0563d76ff65342bd4942b5423c4df1178
meanrev,CM.ESU6,39,2026-06-29T04:49:30.000Z,2026-06-29T04:49:45.000Z,2026-06-29T04:53:15.000Z,130433,130434,130448,991,992,1006,short,7441.75,7445.25,7441.25,7445.25,14,-3.5,-1.0,loss,18906,7563,58bc710e2327655c105b13f43632b9a7d25125a22b8caf987526d43ab695e341,9c09f0a96c9e0e5e41e227ec57be14f0563d76ff65342bd4942b5423c4df1178
meanrev,CM.ESU6,40,2026-06-29T04:56:00.000Z,2026-06-29T04:56:15.000Z,2026-06-29T05:00:15.000Z,130468,130469,130485,1017,1018,1034,long,7441.0,7433.25,7442.75,7442.75,16,1.75,0.2258,win,18906,7563,58bc710e2327655c105b13f43632b9a7d25125a22b8caf987526d43ab695e341,9c09f0a96c9e0e5e41e227ec57be14f0563d76ff65342bd4942b5423c4df1178
meanrev,CM.ESU6,41,2026-06-29T05:00:15.000Z,2026-06-29T05:00:30.000Z,2026-06-29T05:00:30.000Z,130485,130486,130486,1034,1035,1035,short,7443.5,7449.0,7442.25,7442.25,0,1.25,0.2273,win,18906,7563,58bc710e2327655c105b13f43632b9a7d25125a22b8caf987526d43ab695e341,9c09f0a96c9e0e5e41e227ec57be14f0563d76ff65342bd4942b5423c4df1178
meanrev,CM.ESU6,42,2026-06-29T05:01:00.000Z,2026-06-29T05:01:15.000Z,2026-06-29T05:01:45.000Z,130488,130489,130491,1037,1038,1040,long,7440.25,7436.0,7441.25,7441.25,2,1.0,0.2353,win,18906,7563,58bc710e2327655c105b13f43632b9a7d25125a22b8caf987526d43ab695e341,9c09f0a96c9e0e5e41e227ec57be14f0563d76ff65342bd4942b5423c4df1178
meanrev,CM.ESU6,43,2026-06-29T05:05:15.000Z,2026-06-29T05:05:30.000Z,2026-06-29T05:05:30.000Z,130514,130515,130515,1054,1055,1055,long,7439.25,7433.75,7440.25,7440.25,0,1.0,0.1818,win,18906,7563,58bc710e2327655c105b13f43632b9a7d25125a22b8caf987526d43ab695e341,9c09f0a96c9e0e5e41e227ec57be14f0563d76ff65342bd4942b5423c4df1178
meanrev,CM.ESU6,44,2026-06-29T05:06:30.000Z,2026-06-29T05:06:45.000Z,2026-06-29T05:07:15.000Z,130519,130520,130522,1059,1060,1062,short,7441.5,7445.75,7440.75,7440.75,2,0.75,0.1765,win,18906,7563,58bc710e2327655c105b13f43632b9a7d25125a22b8caf987526d43ab695e341,9c09f0a96c9e0e5e41e227ec57be14f0563d76ff65342bd4942b5423c4df1178
meanrev,CM.ESU6,45,2026-06-29T05:07:30.000Z,2026-06-29T05:07:45.000Z,2026-06-29T05:07:45.000Z,130523,130524,130524,1063,1064,1064,short,7442.25,7447.0,7441.25,7441.25,0,1.0,0.2105,win,18906,7563,58bc710e2327655c105b13f43632b9a7d25125a22b8caf987526d43ab695e341,9c09f0a96c9e0e5e41e227ec57be14f0563d76ff65342bd4942b5423c4df1178
meanrev,CM.ESU6,46,2026-06-29T05:09:00.000Z,2026-06-29T05:09:15.000Z,2026-06-29T05:10:15.000Z,130529,130530,130534,1069,1070,1074,short,7442.75,7448.0,7441.5,7441.5,4,1.25,0.2381,win,18906,7563,58bc710e2327655c105b13f43632b9a7d25125a22b8caf987526d43ab695e341,9c09f0a96c9e0e5e41e227ec57be14f0563d76ff65342bd4942b5423c4df1178
meanrev,CM.ESU6,47,2026-06-29T05:13:00.000Z,2026-06-29T05:13:15.000Z,2026-06-29T05:13:45.000Z,130554,130555,130557,1085,1086,1088,long,7439.75,7433.75,7441.0,7441.0,2,1.25,0.2083,win,18906,7563,58bc710e2327655c105b13f43632b9a7d25125a22b8caf987526d43ab695e341,9c09f0a96c9e0e5e41e227ec57be14f0563d76ff65342bd4942b5423c4df1178
meanrev,CM.ESU6,48,2026-06-29T05:14:45.000Z,2026-06-29T05:15:00.000Z,2026-06-29T05:18:45.000Z,130561,130562,130577,1092,1093,1108,short,7444.75,7452.75,7442.75,7442.75,15,2.0,0.25,win,18906,7563,58bc710e2327655c105b13f43632b9a7d25125a22b8caf987526d43ab695e341,9c09f0a96c9e0e5e41e227ec57be14f0563d76ff65342bd4942b5423c4df1178
meanrev,CM.ESU6,49,2026-06-29T05:19:00.000Z,2026-06-29T05:19:15.000Z,2026-06-29T05:20:30.000Z,130578,130579,130584,1109,1110,1115,long,7441.0,7432.0,7443.25,7443.25,5,2.25,0.25,win,18906,7563,58bc710e2327655c105b13f43632b9a7d25125a22b8caf987526d43ab695e341,9c09f0a96c9e0e5e41e227ec57be14f0563d76ff65342bd4942b5423c4df1178
meanrev,CM.ESU6,50,2026-06-29T05:25:15.000Z,2026-06-29T05:25:30.000Z,2026-06-29T05:27:00.000Z,130612,130613,130619,1134,1135,1141,short,7444.25,7448.75,7443.0,7443.0,6,1.25,0.2778,win,18906,7563,58bc710e2327655c105b13f43632b9a7d25125a22b8caf987526d43ab695e341,9c09f0a96c9e0e5e41e227ec57be14f0563d76ff65342bd4942b5423c4df1178
meanrev,CM.ESU6,51,2026-06-29T05:28:45.000Z,2026-06-29T05:29:00.000Z,2026-06-29T05:30:00.000Z,130626,130627,130631,1148,1149,1153,long,7441.75,7436.5,7442.75,7442.75,4,1.0,0.1905,win,18906,7563,58bc710e2327655c105b13f43632b9a7d25125a22b8caf987526d43ab695e341,9c09f0a96c9e0e5e41e227ec57be14f0563d76ff65342bd4942b5423c4df1178
meanrev,CM.ESU6,52,2026-06-29T05:34:00.000Z,2026-06-29T05:34:15.000Z,2026-06-29T05:44:15.000Z,130656,130657,130706,1169,1170,1210,short,7445.5,7452.75,7444.0,7452.75,40,-7.25,-1.0,loss,18906,7563,58bc710e2327655c105b13f43632b9a7d25125a22b8caf987526d43ab695e341,9c09f0a96c9e0e5e41e227ec57be14f0563d76ff65342bd4942b5423c4df1178
meanrev,CM.ESU6,53,2026-06-29T05:44:30.000Z,2026-06-29T05:44:45.000Z,2026-06-29T05:47:15.000Z,130707,130708,130718,1211,1212,1222,short,7453.5,7464.75,7451.25,7451.25,10,2.25,0.2,win,18906,7563,58bc710e2327655c105b13f43632b9a7d25125a22b8caf987526d43ab695e341,9c09f0a96c9e0e5e41e227ec57be14f0563d76ff65342bd4942b5423c4df1178
meanrev,CM.ESU6,54,2026-06-29T05:49:45.000Z,2026-06-29T05:50:00.000Z,2026-06-29T05:50:15.000Z,130728,130738,130739,1232,1233,1234,long,7451.0,7447.5,7451.75,7451.75,1,0.75,0.2143,win,18906,7563,58bc710e2327655c105b13f43632b9a7d25125a22b8caf987526d43ab695e341,9c09f0a96c9e0e5e41e227ec57be14f0563d76ff65342bd4942b5423c4df1178
meanrev,CM.ESU6,55,2026-06-29T05:50:30.000Z,2026-06-29T05:50:45.000Z,2026-06-29T05:51:15.000Z,130740,130741,130743,1235,1236,1238,long,7450.5,7446.75,7451.5,7451.5,2,1.0,0.2667,win,18906,7563,58bc710e2327655c105b13f43632b9a7d25125a22b8caf987526d43ab695e341,9c09f0a96c9e0e5e41e227ec57be14f0563d76ff65342bd4942b5423c4df1178
meanrev,CM.ESU6,56,2026-06-29T05:51:45.000Z,2026-06-29T05:52:00.000Z,2026-06-29T06:04:30.000Z,130745,130746,130788,1240,1241,1283,short,7454.25,7459.75,7452.5,7449.25,42,5.0,0.9091,win,18906,7563,58bc710e2327655c105b13f43632b9a7d25125a22b8caf987526d43ab695e341,9c09f0a96c9e0e5e41e227ec57be14f0563d76ff65342bd4942b5423c4df1178
meanrev,CM.ESU6,57,2026-06-29T06:04:30.000Z,2026-06-29T06:04:45.000Z,2026-06-29T06:24:30.000Z,130788,130789,130886,1283,1284,1363,long,7449.5,7444.0,7453.25,7449.75,79,0.25,0.0455,win,18906,7563,58bc710e2327655c105b13f43632b9a7d25125a22b8caf987526d43ab695e341,9c09f0a96c9e0e5e41e227ec57be14f0563d76ff65342bd4942b5423c4df1178
meanrev,CM.ESU6,58,2026-06-29T06:25:45.000Z,2026-06-29T06:26:00.000Z,2026-06-29T06:27:00.000Z,130891,130892,130896,1368,1369,1373,short,7451.25,7459.0,7449.75,7449.75,4,1.5,0.1935,win,18906,7563,58bc710e2327655c105b13f43632b9a7d25125a22b8caf987526d43ab695e341,9c09f0a96c9e0e5e41e227ec57be14f0563d76ff65342bd4942b5423c4df1178
meanrev,CM.ESU6,59,2026-06-29T06:29:15.000Z,2026-06-29T06:29:30.000Z,2026-06-29T06:29:45.000Z,130905,130906,130907,1382,1383,1384,short,7451.75,7457.0,7450.75,7450.75,1,1.0,0.1905,win,18906,7563,58bc710e2327655c105b13f43632b9a7d25125a22b8caf987526d43ab695e341,9c09f0a96c9e0e5e41e227ec57be14f0563d76ff65342bd4942b5423c4df1178
meanrev,CM.ESU6,60,2026-06-29T06:33:00.000Z,2026-06-29T06:33:15.000Z,2026-06-29T06:33:15.000Z,130920,130921,130921,1397,1398,1398,short,7452.75,7458.75,7451.75,7451.75,0,1.0,0.1667,win,18906,7563,58bc710e2327655c105b13f43632b9a7d25125a22b8caf987526d43ab695e341,9c09f0a96c9e0e5e41e227ec57be14f0563d76ff65342bd4942b5423c4df1178
meanrev,CM.ESU6,61,2026-06-29T06:35:00.000Z,2026-06-29T06:35:15.000Z,2026-06-29T06:35:45.000Z,130937,130938,130940,1405,1406,1408,short,7454.0,7458.75,7452.75,7452.75,2,1.25,0.2632,win,18906,7563,58bc710e2327655c105b13f43632b9a7d25125a22b8caf987526d43ab695e341,9c09f0a96c9e0e5e41e227ec57be14f0563d76ff65342bd4942b5423c4df1178
meanrev,CM.ESU6,62,2026-06-29T06:38:30.000Z,2026-06-29T06:38:45.000Z,2026-06-29T06:41:15.000Z,130951,130952,130962,1419,1420,1430,long,7451.5,7448.0,7452.5,7452.5,10,1.0,0.2857,win,18906,7563,58bc710e2327655c105b13f43632b9a7d25125a22b8caf987526d43ab695e341,9c09f0a96c9e0e5e41e227ec57be14f0563d76ff65342bd4942b5423c4df1178
meanrev,CM.ESU6,63,2026-06-29T06:46:00.000Z,2026-06-29T06:46:15.000Z,2026-06-29T06:56:15.000Z,130990,130991,131040,1449,1450,1490,long,7450.5,7445.25,7451.75,7445.25,40,-5.25,-1.0,loss,18906,7563,58bc710e2327655c105b13f43632b9a7d25125a22b8caf987526d43ab695e341,9c09f0a96c9e0e5e41e227ec57be14f0563d76ff65342bd4942b5423c4df1178
meanrev,CM.ESU6,64,2026-06-29T06:56:15.000Z,2026-06-29T06:56:30.000Z,2026-06-29T07:02:15.000Z,131040,131041,131064,1490,1491,1514,long,7445.5,7438.0,7447.25,7438.0,23,-7.5,-1.0,loss,18906,7563,58bc710e2327655c105b13f43632b9a7d25125a22b8caf987526d43ab695e341,9c09f0a96c9e0e5e41e227ec57be14f0563d76ff65342bd4942b5423c4df1178
meanrev,CM.ESU6,65,2026-06-29T07:02:15.000Z,2026-06-29T07:02:30.000Z,2026-06-29T07:09:00.000Z,131064,131065,131100,1514,1515,1541,long,7437.5,7420.0,7441.5,7441.5,26,4.0,0.2286,win,18906,7563,58bc710e2327655c105b13f43632b9a7d25125a22b8caf987526d43ab695e341,9c09f0a96c9e0e5e41e227ec57be14f0563d76ff65342bd4942b5423c4df1178
meanrev,CM.ESU6,66,2026-06-29T07:09:00.000Z,2026-06-29T07:09:15.000Z,2026-06-29T07:11:00.000Z,131100,131101,131108,1541,1542,1549,short,7441.0,7447.5,7440.0,7440.0,7,1.0,0.1538,win,18906,7563,58bc710e2327655c105b13f43632b9a7d25125a22b8caf987526d43ab695e341,9c09f0a96c9e0e5e41e227ec57be14f0563d76ff65342bd4942b5423c4df1178
meanrev,CM.ESU6,67,2026-06-29T07:15:00.000Z,2026-06-29T07:15:15.000Z,2026-06-29T07:35:00.000Z,131133,131134,131231,1565,1566,1645,short,7442.75,7452.25,7440.75,7448.75,79,-6.0,-0.6316,loss,18906,7563,58bc710e2327655c105b13f43632b9a7d25125a22b8caf987526d43ab695e341,9c09f0a96c9e0e5e41e227ec57be14f0563d76ff65342bd4942b5423c4df1178
meanrev,CM.ESU6,68,2026-06-29T07:37:00.000Z,2026-06-29T07:37:15.000Z,2026-06-29T07:37:30.000Z,131239,131240,131241,1653,1654,1655,short,7449.25,7453.5,7448.25,7448.25,1,1.0,0.2353,win,18906,7563,58bc710e2327655c105b13f43632b9a7d25125a22b8caf987526d43ab695e341,9c09f0a96c9e0e5e41e227ec57be14f0563d76ff65342bd4942b5423c4df1178
meanrev,CM.ESU6,69,2026-06-29T07:38:00.000Z,2026-06-29T07:38:15.000Z,2026-06-29T07:46:00.000Z,131252,131253,131293,1657,1658,1689,short,7449.5,7455.0,7448.5,7448.5,31,1.0,0.1818,win,18906,7563,58bc710e2327655c105b13f43632b9a7d25125a22b8caf987526d43ab695e341,9c09f0a96c9e0e5e41e227ec57be14f0563d76ff65342bd4942b5423c4df1178
meanrev,CM.ESU6,70,2026-06-29T07:46:00.000Z,2026-06-29T07:46:15.000Z,2026-06-29T07:46:45.000Z,131293,131294,131296,1689,1690,1692,long,7448.75,7440.25,7450.5,7450.5,2,1.75,0.2059,win,18906,7563,58bc710e2327655c105b13f43632b9a7d25125a22b8caf987526d43ab695e341,9c09f0a96c9e0e5e41e227ec57be14f0563d76ff65342bd4942b5423c4df1178
meanrev,CM.ESU6,71,2026-06-29T07:56:00.000Z,2026-06-29T07:56:15.000Z,2026-06-29T07:56:15.000Z,131333,131334,131334,1729,1730,1730,long,7449.5,7445.0,7450.25,7450.25,0,0.75,0.1667,win,18906,7563,58bc710e2327655c105b13f43632b9a7d25125a22b8caf987526d43ab695e341,9c09f0a96c9e0e5e41e227ec57be14f0563d76ff65342bd4942b5423c4df1178
meanrev,CM.ESU6,72,2026-06-29T07:59:30.000Z,2026-06-29T07:59:45.000Z,2026-06-29T08:00:15.000Z,131356,131357,131359,1743,1744,1746,short,7451.0,7454.5,7450.25,7450.25,2,0.75,0.2143,win,18906,7563,58bc710e2327655c105b13f43632b9a7d25125a22b8caf987526d43ab695e341,9c09f0a96c9e0e5e41e227ec57be14f0563d76ff65342bd4942b5423c4df1178
meanrev,CM.ESU6,73,2026-06-29T08:00:30.000Z,2026-06-29T08:00:45.000Z,2026-06-30T22:35:15.000Z,131360,131361,143003,1747,1748,1750,short,7453.25,7457.75,7451.5,7547.25,2,-94.0,-20.8889,loss,18906,7563,58bc710e2327655c105b13f43632b9a7d25125a22b8caf987526d43ab695e341,9c09f0a96c9e0e5e41e227ec57be14f0563d76ff65342bd4942b5423c4df1178
meanrev,CM.ESU6,74,2026-06-30T22:35:15.000Z,2026-06-30T22:35:30.000Z,2026-06-30T22:55:30.000Z,143003,143004,143137,1750,1751,1830,short,7547.0,7554.0,7489.25,7542.5,79,4.5,0.6429,win,18906,7563,58bc710e2327655c105b13f43632b9a7d25125a22b8caf987526d43ab695e341,9c09f0a96c9e0e5e41e227ec57be14f0563d76ff65342bd4942b5423c4df1178
meanrev,CM.ESU6,75,2026-06-30T22:57:00.000Z,2026-06-30T22:57:15.000Z,2026-06-30T22:57:30.000Z,143152,143153,143154,1836,1837,1838,short,7543.75,7546.0,7543.0,7543.0,1,0.75,0.3333,win,18906,7563,58bc710e2327655c105b13f43632b9a7d25125a22b8caf987526d43ab695e341,9c09f0a96c9e0e5e41e227ec57be14f0563d76ff65342bd4942b5423c4df1178
meanrev,CM.ESU6,76,2026-06-30T23:00:15.000Z,2026-06-30T23:00:30.000Z,2026-06-30T23:01:00.000Z,143165,143166,143168,1849,1850,1852,short,7544.0,7547.25,7543.25,7543.25,2,0.75,0.2308,win,18906,7563,58bc710e2327655c105b13f43632b9a7d25125a22b8caf987526d43ab695e341,9c09f0a96c9e0e5e41e227ec57be14f0563d76ff65342bd4942b5423c4df1178
meanrev,CM.ESU6,77,2026-06-30T23:05:15.000Z,2026-06-30T23:05:30.000Z,2026-06-30T23:07:00.000Z,143194,143195,143201,1869,1870,1876,long,7542.5,7539.25,7543.25,7543.25,6,0.75,0.2308,win,18906,7563,58bc710e2327655c105b13f43632b9a7d25125a22b8caf987526d43ab695e341,9c09f0a96c9e0e5e41e227ec57be14f0563d76ff65342bd4942b5423c4df1178
meanrev,CM.ESU6,78,2026-06-30T23:08:00.000Z,2026-06-30T23:08:15.000Z,2026-06-30T23:14:00.000Z,143214,143215,143244,1880,1881,1901,short,7544.25,7547.75,7543.25,7543.25,20,1.0,0.2857,win,18906,7563,58bc710e2327655c105b13f43632b9a7d25125a22b8caf987526d43ab695e341,9c09f0a96c9e0e5e41e227ec57be14f0563d76ff65342bd4942b5423c4df1178
meanrev,CM.ESU6,79,2026-06-30T23:14:00.000Z,2026-06-30T23:14:15.000Z,2026-06-30T23:17:15.000Z,143244,143254,143265,1901,1902,1913,long,7543.25,7539.5,7544.25,7544.25,11,1.0,0.2667,win,18906,7563,58bc710e2327655c105b13f43632b9a7d25125a22b8caf987526d43ab695e341,9c09f0a96c9e0e5e41e227ec57be14f0563d76ff65342bd4942b5423c4df1178
meanrev,CM.ESU6,80,2026-06-30T23:19:30.000Z,2026-06-30T23:20:00.000Z,2026-06-30T23:20:30.000Z,143273,143274,143276,1921,1922,1924,short,7545.0,7549.25,7544.0,7544.0,2,1.0,0.2353,win,18906,7563,58bc710e2327655c105b13f43632b9a7d25125a22b8caf987526d43ab695e341,9c09f0a96c9e0e5e41e227ec57be14f0563d76ff65342bd4942b5423c4df1178
meanrev,CM.ESU6,81,2026-06-30T23:26:00.000Z,2026-06-30T23:26:15.000Z,2026-06-30T23:26:45.000Z,143316,143317,143319,1946,1947,1949,short,7545.5,7547.25,7545.0,7545.0,2,0.5,0.2857,win,18906,7563,58bc710e2327655c105b13f43632b9a7d25125a22b8caf987526d43ab695e341,9c09f0a96c9e0e5e41e227ec57be14f0563d76ff65342bd4942b5423c4df1178
meanrev,CM.ESU6,82,2026-06-30T23:27:15.000Z,2026-06-30T23:27:30.000Z,2026-06-30T23:28:15.000Z,143320,143321,143323,1950,1951,1953,short,7545.75,7547.25,7545.25,7545.25,2,0.5,0.3333,win,18906,7563,58bc710e2327655c105b13f43632b9a7d25125a22b8caf987526d43ab695e341,9c09f0a96c9e0e5e41e227ec57be14f0563d76ff65342bd4942b5423c4df1178
meanrev,CM.ESU6,83,2026-06-30T23:29:15.000Z,2026-06-30T23:29:45.000Z,2026-06-30T23:30:45.000Z,143327,143328,143332,1957,1958,1962,long,7544.0,7542.0,7545.0,7545.0,4,1.0,0.5,win,18906,7563,58bc710e2327655c105b13f43632b9a7d25125a22b8caf987526d43ab695e341,9c09f0a96c9e0e5e41e227ec57be14f0563d76ff65342bd4942b5423c4df1178
meanrev,CM.ESU6,84,2026-06-30T23:35:00.000Z,2026-06-30T23:35:15.000Z,2026-06-30T23:37:15.000Z,143363,143364,143371,1975,1976,1983,short,7546.75,7550.0,7545.5,7545.5,7,1.25,0.3846,win,18906,7563,58bc710e2327655c105b13f43632b9a7d25125a22b8caf987526d43ab695e341,9c09f0a96c9e0e5e41e227ec57be14f0563d76ff65342bd4942b5423c4df1178
meanrev,CM.ESU6,85,2026-06-30T23:41:15.000Z,2026-06-30T23:41:30.000Z,2026-06-30T23:42:15.000Z,143396,143397,143400,1999,2000,2003,long,7545.0,7542.5,7545.5,7545.5,3,0.5,0.2,win,18906,7563,58bc710e2327655c105b13f43632b9a7d25125a22b8caf987526d43ab695e341,9c09f0a96c9e0e5e41e227ec57be14f0563d76ff65342bd4942b5423c4df1178
meanrev,CM.ESU6,86,2026-06-30T23:45:30.000Z,2026-06-30T23:45:45.000Z,2026-06-30T23:46:00.000Z,143413,143414,143415,2016,2017,2018,short,7546.75,7550.25,7545.75,7545.75,1,1.0,0.2857,win,18906,7563,58bc710e2327655c105b13f43632b9a7d25125a22b8caf987526d43ab695e341,9c09f0a96c9e0e5e41e227ec57be14f0563d76ff65342bd4942b5423c4df1178
meanrev,CM.ESU6,87,2026-06-30T23:48:30.000Z,2026-06-30T23:48:45.000Z,2026-06-30T23:50:45.000Z,143425,143426,143443,2028,2029,2037,long,7545.0,7541.5,7545.5,7545.5,8,0.5,0.1429,win,18906,7563,58bc710e2327655c105b13f43632b9a7d25125a22b8caf987526d43ab695e341,9c09f0a96c9e0e5e41e227ec57be14f0563d76ff65342bd4942b5423c4df1178
meanrev,CM.ESU6,88,2026-06-30T23:52:30.000Z,2026-06-30T23:52:45.000Z,2026-06-30T23:58:30.000Z,143450,143451,143483,2044,2045,2068,long,7543.0,7538.0,7544.25,7544.25,23,1.25,0.25,win,18906,7563,58bc710e2327655c105b13f43632b9a7d25125a22b8caf987526d43ab695e341,9c09f0a96c9e0e5e41e227ec57be14f0563d76ff65342bd4942b5423c4df1178
meanrev,CM.ESU6,89,2026-06-30T23:58:30.000Z,2026-06-30T23:58:45.000Z,2026-07-01T00:01:15.000Z,143483,143484,143503,2068,2069,2079,short,7544.25,7547.5,7543.5,7547.5,10,-3.25,-1.0,loss,18906,7563,58bc710e2327655c105b13f43632b9a7d25125a22b8caf987526d43ab695e341,9c09f0a96c9e0e5e41e227ec57be14f0563d76ff65342bd4942b5423c4df1178
meanrev,CM.ESU6,90,2026-07-01T00:07:00.000Z,2026-07-01T00:07:15.000Z,2026-07-01T00:09:00.000Z,143526,143527,143534,2102,2103,2110,long,7543.75,7538.0,7545.0,7545.0,7,1.25,0.2174,win,18906,7563,58bc710e2327655c105b13f43632b9a7d25125a22b8caf987526d43ab695e341,9c09f0a96c9e0e5e41e227ec57be14f0563d76ff65342bd4942b5423c4df1178
meanrev,CM.ESU6,91,2026-07-01T00:11:00.000Z,2026-07-01T00:11:15.000Z,2026-07-01T00:11:15.000Z,143551,143552,143552,2118,2119,2119,short,7546.0,7550.25,7545.0,7545.0,0,1.0,0.2353,win,18906,7563,58bc710e2327655c105b13f43632b9a7d25125a22b8caf987526d43ab695e341,9c09f0a96c9e0e5e41e227ec57be14f0563d76ff65342bd4942b5423c4df1178
meanrev,CM.ESU6,92,2026-07-01T00:15:45.000Z,2026-07-01T00:16:00.000Z,2026-07-01T00:16:15.000Z,143570,143571,143572,2137,2138,2139,long,7543.25,7539.0,7544.25,7544.25,1,1.0,0.2353,win,18906,7563,58bc710e2327655c105b13f43632b9a7d25125a22b8caf987526d43ab695e341,9c09f0a96c9e0e5e41e227ec57be14f0563d76ff65342bd4942b5423c4df1178
meanrev,CM.ESU6,93,2026-07-01T00:17:30.000Z,2026-07-01T00:17:45.000Z,2026-07-01T00:18:00.000Z,143577,143578,143579,2144,2145,2146,short,7545.5,7549.0,7544.75,7544.75,1,0.75,0.2143,win,18906,7563,58bc710e2327655c105b13f43632b9a7d25125a22b8caf987526d43ab695e341,9c09f0a96c9e0e5e41e227ec57be14f0563d76ff65342bd4942b5423c4df1178
meanrev,CM.ESU6,94,2026-07-01T00:22:00.000Z,2026-07-01T00:22:15.000Z,2026-07-01T00:24:45.000Z,143604,143605,143615,2162,2163,2173,long,7543.0,7539.5,7544.0,7544.0,10,1.0,0.2857,win,18906,7563,58bc710e2327655c105b13f43632b9a7d25125a22b8caf987526d43ab695e341,9c09f0a96c9e0e5e41e227ec57be14f0563d76ff65342bd4942b5423c4df1178
meanrev,CM.ESU6,95,2026-07-01T00:28:15.000Z,2026-07-01T00:28:30.000Z,2026-07-01T00:48:15.000Z,143629,143630,143736,2187,2188,2267,short,7544.75,7549.25,7543.75,7547.5,79,-2.75,-0.6111,loss,18906,7563,58bc710e2327655c105b13f43632b9a7d25125a22b8caf987526d43ab695e341,9c09f0a96c9e0e5e41e227ec57be14f0563d76ff65342bd4942b5423c4df1178
meanrev,CM.ESU6,96,2026-07-01T00:49:15.000Z,2026-07-01T00:49:30.000Z,2026-07-01T00:51:00.000Z,143740,143741,143747,2271,2272,2278,short,7548.75,7550.75,7548.0,7548.0,6,0.75,0.375,win,18906,7563,58bc710e2327655c105b13f43632b9a7d25125a22b8caf987526d43ab695e341,9c09f0a96c9e0e5e41e227ec57be14f0563d76ff65342bd4942b5423c4df1178
meanrev,CM.ESU6,97,2026-07-01T00:53:45.000Z,2026-07-01T00:54:00.000Z,2026-07-01T01:00:00.000Z,143758,143759,143792,2289,2290,2314,long,7547.75,7545.0,7548.25,7545.0,24,-2.75,-1.0,loss,18906,7563,58bc710e2327655c105b13f43632b9a7d25125a22b8caf987526d43ab695e341,9c09f0a96c9e0e5e41e227ec57be14f0563d76ff65342bd4942b5423c4df1178
meanrev,CM.ESU6,98,2026-07-01T01:00:00.000Z,2026-07-01T01:00:15.000Z,2026-07-01T01:00:30.000Z,143792,143793,143794,2314,2315,2316,long,7545.0,7541.5,7545.75,7545.75,1,0.75,0.2143,win,18906,7563,58bc710e2327655c105b13f43632b9a7d25125a22b8caf987526d43ab695e341,9c09f0a96c9e0e5e41e227ec57be14f0563d76ff65342bd4942b5423c4df1178
meanrev,CM.ESU6,99,2026-07-01T01:01:45.000Z,2026-07-01T01:02:00.000Z,2026-07-01T01:02:00.000Z,143799,143800,143800,2321,2322,2322,long,7544.25,7538.75,7545.25,7545.25,0,1.0,0.1818,win,18906,7563,58bc710e2327655c105b13f43632b9a7d25125a22b8caf987526d43ab695e341,9c09f0a96c9e0e5e41e227ec57be14f0563d76ff65342bd4942b5423c4df1178
meanrev,CM.ESU6,100,2026-07-01T01:02:45.000Z,2026-07-01T01:03:00.000Z,2026-07-01T01:13:00.000Z,143803,143804,143853,2325,2326,2366,long,7543.25,7536.75,7544.75,7536.75,40,-6.5,-1.0,loss,18906,7563,58bc710e2327655c105b13f43632b9a7d25125a22b8caf987526d43ab695e341,9c09f0a96c9e0e5e41e227ec57be14f0563d76ff65342bd4942b5423c4df1178
meanrev,CM.ESU6,101,2026-07-01T01:13:00.000Z,2026-07-01T01:13:15.000Z,2026-07-01T01:14:15.000Z,143853,143854,143867,2366,2367,2371,long,7536.0,7528.0,7537.75,7537.75,4,1.75,0.2188,win,18906,7563,58bc710e2327655c105b13f43632b9a7d25125a22b8caf987526d43ab695e341,9c09f0a96c9e0e5e41e227ec57be14f0563d76ff65342bd4942b5423c4df1178
meanrev,CM.ESU6,102,2026-07-01T01:15:15.000Z,2026-07-01T01:15:30.000Z,2026-07-01T01:16:00.000Z,143871,143872,143874,2375,2376,2378,short,7540.0,7549.0,7538.25,7538.25,2,1.75,0.1944,win,18906,7563,58bc710e2327655c105b13f43632b9a7d25125a22b8caf987526d43ab695e341,9c09f0a96c9e0e5e41e227ec57be14f0563d76ff65342bd4942b5423c4df1178
meanrev,CM.ESU6,103,2026-07-01T01:21:30.000Z,2026-07-01T01:21:45.000Z,2026-07-01T01:21:45.000Z,143905,143906,143906,2400,2401,2401,short,7538.25,7544.5,7537.0,7537.0,0,1.25,0.2,win,18906,7563,58bc710e2327655c105b13f43632b9a7d25125a22b8caf987526d43ab695e341,9c09f0a96c9e0e5e41e227ec57be14f0563d76ff65342bd4942b5423c4df1178
meanrev,CM.ESU6,104,2026-07-01T01:26:00.000Z,2026-07-01T01:26:15.000Z,2026-07-01T01:26:30.000Z,143923,143924,143925,2418,2419,2420,long,7536.0,7532.0,7537.25,7537.25,1,1.25,0.3125,win,18906,7563,58bc710e2327655c105b13f43632b9a7d25125a22b8caf987526d43ab695e341,9c09f0a96c9e0e5e41e227ec57be14f0563d76ff65342bd4942b5423c4df1178
meanrev,CM.ESU6,105,2026-07-01T01:30:30.000Z,2026-07-01T01:30:45.000Z,2026-07-01T01:31:00.000Z,143941,143942,143943,2436,2437,2438,short,7538.75,7542.5,7537.5,7537.5,1,1.25,0.3333,win,18906,7563,58bc710e2327655c105b13f43632b9a7d25125a22b8caf987526d43ab695e341,9c09f0a96c9e0e5e41e227ec57be14f0563d76ff65342bd4942b5423c4df1178
meanrev,CM.ESU6,106,2026-07-01T01:31:45.000Z,2026-07-01T01:32:00.000Z,2026-07-01T01:32:30.000Z,143955,143956,143958,2441,2442,2444,long,7534.5,7529.25,7536.0,7536.0,2,1.5,0.2857,win,18906,7563,58bc710e2327655c105b13f43632b9a7d25125a22b8caf987526d43ab695e341,9c09f0a96c9e0e5e41e227ec57be14f0563d76ff65342bd4942b5423c4df1178
meanrev,CM.ESU6,107,2026-07-01T01:38:15.000Z,2026-07-01T01:38:30.000Z,2026-07-01T01:40:30.000Z,143981,143982,143999,2467,2468,2476,short,7536.5,7540.0,7535.5,7535.5,8,1.0,0.2857,win,18906,7563,58bc710e2327655c105b13f43632b9a7d25125a22b8caf987526d43ab695e341,9c09f0a96c9e0e5e41e227ec57be14f0563d76ff65342bd4942b5423c4df1178
meanrev,CM.ESU6,108,2026-07-01T01:45:45.000Z,2026-07-01T01:46:00.000Z,2026-07-01T01:46:00.000Z,144020,144021,144021,2497,2498,2498,short,7535.75,7538.0,7535.25,7535.25,0,0.5,0.2222,win,18906,7563,58bc710e2327655c105b13f43632b9a7d25125a22b8caf987526d43ab695e341,9c09f0a96c9e0e5e41e227ec57be14f0563d76ff65342bd4942b5423c4df1178
meanrev,CM.ESU6,109,2026-07-01T01:48:15.000Z,2026-07-01T01:48:30.000Z,2026-07-01T01:51:15.000Z,144030,144040,144051,2507,2508,2519,long,7534.25,7532.25,7535.0,7532.25,11,-2.0,-1.0,loss,18906,7563,58bc710e2327655c105b13f43632b9a7d25125a22b8caf987526d43ab695e341,9c09f0a96c9e0e5e41e227ec57be14f0563d76ff65342bd4942b5423c4df1178
meanrev,CM.ESU6,110,2026-07-01T01:53:45.000Z,2026-07-01T01:54:00.000Z,2026-07-01T01:54:15.000Z,144061,144062,144063,2529,2530,2531,short,7534.0,7537.25,7533.25,7533.25,1,0.75,0.2308,win,18906,7563,58bc710e2327655c105b13f43632b9a7d25125a22b8caf987526d43ab695e341,9c09f0a96c9e0e5e41e227ec57be14f0563d76ff65342bd4942b5423c4df1178
meanrev,CM.ESU6,111,2026-07-01T01:55:15.000Z,2026-07-01T01:55:30.000Z,2026-07-01T01:57:45.000Z,144067,144068,144086,2535,2536,2545,short,7534.25,7537.75,7533.25,7533.25,9,1.0,0.2857,win,18906,7563,58bc710e2327655c105b13f43632b9a7d25125a22b8caf987526d43ab695e341,9c09f0a96c9e0e5e41e227ec57be14f0563d76ff65342bd4942b5423c4df1178
meanrev,CM.ESU6,112,2026-07-01T02:02:00.000Z,2026-07-01T02:02:15.000Z,2026-07-01T02:13:45.000Z,144103,144104,144159,2562,2563,2609,long,7531.25,7524.75,7532.5,7524.75,46,-6.5,-1.0,loss,18906,7563,58bc710e2327655c105b13f43632b9a7d25125a22b8caf987526d43ab695e341,9c09f0a96c9e0e5e41e227ec57be14f0563d76ff65342bd4942b5423c4df1178
meanrev,CM.ESU6,113,2026-07-01T02:13:45.000Z,2026-07-01T02:14:00.000Z,2026-07-01T02:15:30.000Z,144159,144160,144166,2609,2610,2616,long,7524.0,7521.0,7525.5,7521.0,6,-3.0,-1.0,loss,18906,7563,58bc710e2327655c105b13f43632b9a7d25125a22b8caf987526d43ab695e341,9c09f0a96c9e0e5e41e227ec57be14f0563d76ff65342bd4942b5423c4df1178
meanrev,CM.ESU6,114,2026-07-01T02:15:30.000Z,2026-07-01T02:15:45.000Z,2026-07-01T02:16:15.000Z,144166,144167,144169,2616,2617,2619,long,7520.5,7508.75,7523.5,7523.5,2,3.0,0.2553,win,18906,7563,58bc710e2327655c105b13f43632b9a7d25125a22b8caf987526d43ab695e341,9c09f0a96c9e0e5e41e227ec57be14f0563d76ff65342bd4942b5423c4df1178
meanrev,CM.ESU6,115,2026-07-01T02:21:30.000Z,2026-07-01T02:21:45.000Z,2026-07-01T02:25:00.000Z,144190,144191,144204,2640,2641,2654,short,7526.75,7532.5,7525.75,7525.75,13,1.0,0.1739,win,18906,7563,58bc710e2327655c105b13f43632b9a7d25125a22b8caf987526d43ab695e341,9c09f0a96c9e0e5e41e227ec57be14f0563d76ff65342bd4942b5423c4df1178
meanrev,CM.ESU6,116,2026-07-01T02:25:45.000Z,2026-07-01T02:26:00.000Z,2026-07-01T02:26:30.000Z,144207,144208,144210,2657,2658,2660,long,7525.5,7522.0,7526.25,7526.25,2,0.75,0.2143,win,18906,7563,58bc710e2327655c105b13f43632b9a7d25125a22b8caf987526d43ab695e341,9c09f0a96c9e0e5e41e227ec57be14f0563d76ff65342bd4942b5423c4df1178
meanrev,CM.ESU6,117,2026-07-01T02:26:45.000Z,2026-07-01T02:27:00.000Z,2026-07-01T02:27:15.000Z,144211,144212,144213,2661,2662,2663,short,7528.0,7532.0,7527.0,7527.0,1,1.0,0.25,win,18906,7563,58bc710e2327655c105b13f43632b9a7d25125a22b8caf987526d43ab695e341,9c09f0a96c9e0e5e41e227ec57be14f0563d76ff65342bd4942b5423c4df1178
meanrev,CM.ESU6,118,2026-07-01T02:31:30.000Z,2026-07-01T02:31:45.000Z,2026-07-01T02:31:45.000Z,144230,144231,144231,2680,2681,2681,short,7528.5,7533.25,7527.75,7527.75,0,0.75,0.1579,win,18906,7563,58bc710e2327655c105b13f43632b9a7d25125a22b8caf987526d43ab695e341,9c09f0a96c9e0e5e41e227ec57be14f0563d76ff65342bd4942b5423c4df1178
meanrev,CM.ESU6,119,2026-07-01T02:35:00.000Z,2026-07-01T02:35:15.000Z,2026-07-01T02:36:00.000Z,144244,144245,144248,2694,2695,2698,long,7526.25,7522.0,7527.25,7527.25,3,1.0,0.2353,win,18906,7563,58bc710e2327655c105b13f43632b9a7d25125a22b8caf987526d43ab695e341,9c09f0a96c9e0e5e41e227ec57be14f0563d76ff65342bd4942b5423c4df1178
meanrev,CM.ESU6,120,2026-07-01T02:41:45.000Z,2026-07-01T02:42:00.000Z,2026-07-01T02:43:30.000Z,144271,144272,144278,2721,2722,2728,short,7528.25,7530.5,7527.75,7530.5,6,-2.25,-1.0,loss,18906,7563,58bc710e2327655c105b13f43632b9a7d25125a22b8caf987526d43ab695e341,9c09f0a96c9e0e5e41e227ec57be14f0563d76ff65342bd4942b5423c4df1178
meanrev,CM.ESU6,121,2026-07-01T02:43:30.000Z,2026-07-01T02:43:45.000Z,2026-07-01T02:47:30.000Z,144278,144279,144294,2728,2729,2744,short,7530.5,7535.5,7529.0,7529.0,15,1.5,0.3,win,18906,7563,58bc710e2327655c105b13f43632b9a7d25125a22b8caf987526d43ab695e341,9c09f0a96c9e0e5e41e227ec57be14f0563d76ff65342bd4942b5423c4df1178
meanrev,CM.ESU6,122,2026-07-01T02:51:00.000Z,2026-07-01T02:51:15.000Z,2026-07-01T02:54:30.000Z,144308,144309,144322,2758,2759,2772,long,7529.0,7526.75,7529.5,7529.5,13,0.5,0.2222,win,18906,7563,58bc710e2327655c105b13f43632b9a7d25125a22b8caf987526d43ab695e341,9c09f0a96c9e0e5e41e227ec57be14f0563d76ff65342bd4942b5423c4df1178
meanrev,CM.ESU6,123,2026-07-01T03:02:45.000Z,2026-07-01T03:03:00.000Z,2026-07-01T03:04:30.000Z,144355,144356,144361,2805,2806,2811,short,7530.25,7532.25,7529.25,7529.25,5,1.0,0.5,win,18906,7563,58bc710e2327655c105b13f43632b9a7d25125a22b8caf987526d43ab695e341,9c09f0a96c9e0e5e41e227ec57be14f0563d76ff65342bd4942b5423c4df1178
meanrev,CM.ESU6,124,2026-07-01T03:07:15.000Z,2026-07-01T03:07:30.000Z,2026-07-01T03:14:00.000Z,144372,144373,144399,2822,2823,2849,short,7530.25,7533.0,7529.75,7533.0,26,-2.75,-1.0,loss,18906,7563,58bc710e2327655c105b13f43632b9a7d25125a22b8caf987526d43ab695e341,9c09f0a96c9e0e5e41e227ec57be14f0563d76ff65342bd4942b5423c4df1178
meanrev,CM.ESU6,125,2026-07-01T03:16:45.000Z,2026-07-01T03:17:00.000Z,2026-07-01T03:18:30.000Z,144410,144411,144417,2860,2861,2867,long,7531.25,7529.5,7532.25,7529.5,6,-1.75,-1.0,loss,18906,7563,58bc710e2327655c105b13f43632b9a7d25125a22b8caf987526d43ab695e341,9c09f0a96c9e0e5e41e227ec57be14f0563d76ff65342bd4942b5423c4df1178
meanrev,CM.ESU6,126,2026-07-01T03:18:30.000Z,2026-07-01T03:18:45.000Z,2026-07-01T03:37:15.000Z,144417,144418,144492,2867,2868,2942,long,7530.0,7522.5,7531.25,7531.25,74,1.25,0.1667,win,18906,7563,58bc710e2327655c105b13f43632b9a7d25125a22b8caf987526d43ab695e341,9c09f0a96c9e0e5e41e227ec57be14f0563d76ff65342bd4942b5423c4df1178
meanrev,CM.ESU6,127,2026-07-01T03:37:15.000Z,2026-07-01T03:37:30.000Z,2026-07-01T03:42:30.000Z,144492,144493,144513,2942,2943,2963,short,7531.25,7541.0,7529.5,7529.5,20,1.75,0.1795,win,18906,7563,58bc710e2327655c105b13f43632b9a7d25125a22b8caf987526d43ab695e341,9c09f0a96c9e0e5e41e227ec57be14f0563d76ff65342bd4942b5423c4df1178
meanrev,CM.ESU6,128,2026-07-01T03:42:30.000Z,2026-07-01T03:42:45.000Z,2026-07-01T03:47:00.000Z,144513,144514,144531,2963,2964,2981,long,7530.25,7527.25,7531.0,7531.0,17,0.75,0.25,win,18906,7563,58bc710e2327655c105b13f43632b9a7d25125a22b8caf987526d43ab695e341,9c09f0a96c9e0e5e41e227ec57be14f0563d76ff65342bd4942b5423c4df1178
meanrev,CM.ESU6,129,2026-07-01T03:47:00.000Z,2026-07-01T03:47:15.000Z,2026-07-01T04:01:15.000Z,144531,144532,144586,2981,2982,3036,short,7531.5,7535.25,7530.5,7530.5,54,1.0,0.2667,win,18906,7563,58bc710e2327655c105b13f43632b9a7d25125a22b8caf987526d43ab695e341,9c09f0a96c9e0e5e41e227ec57be14f0563d76ff65342bd4942b5423c4df1178
meanrev,CM.ESU6,130,2026-07-01T04:01:15.000Z,2026-07-01T04:01:30.000Z,2026-07-01T04:21:15.000Z,144586,144587,144666,3036,3037,3116,long,7530.25,7526.25,7531.75,7528.0,79,-2.25,-0.5625,loss,18906,7563,58bc710e2327655c105b13f43632b9a7d25125a22b8caf987526d43ab695e341,9c09f0a96c9e0e5e41e227ec57be14f0563d76ff65342bd4942b5423c4df1178
meanrev,CM.ESU6,131,2026-07-01T04:22:15.000Z,2026-07-01T04:22:30.000Z,2026-07-01T04:25:15.000Z,144670,144671,144682,3120,3121,3132,short,7528.25,7530.25,7528.0,7528.0,11,0.25,0.125,win,18906,7563,58bc710e2327655c105b13f43632b9a7d25125a22b8caf987526d43ab695e341,9c09f0a96c9e0e5e41e227ec57be14f0563d76ff65342bd4942b5423c4df1178
meanrev,CM.ESU6,132,2026-07-01T04:27:00.000Z,2026-07-01T04:27:15.000Z,2026-07-01T04:36:00.000Z,144689,144690,144724,3139,3140,3174,short,7529.75,7532.25,7529.0,7529.0,34,0.75,0.3,win,18906,7563,58bc710e2327655c105b13f43632b9a7d25125a22b8caf987526d43ab695e341,9c09f0a96c9e0e5e41e227ec57be14f0563d76ff65342bd4942b5423c4df1178
meanrev,CM.ESU6,133,2026-07-01T04:36:00.000Z,2026-07-01T04:36:15.000Z,2026-07-01T04:41:00.000Z,144724,144725,144744,3174,3175,3194,long,7529.0,7527.25,7529.75,7530.0,19,1.0,0.5714,win,18906,7563,58bc710e2327655c105b13f43632b9a7d25125a22b8caf987526d43ab695e341,9c09f0a96c9e0e5e41e227ec57be14f0563d76ff65342bd4942b5423c4df1178
meanrev,CM.ESU6,134,2026-07-01T04:41:00.000Z,2026-07-01T04:41:15.000Z,2026-07-01T04:51:45.000Z,144744,144745,144787,3194,3195,3237,short,7530.75,7534.25,7529.25,7534.25,42,-3.5,-1.0,loss,18906,7563,58bc710e2327655c105b13f43632b9a7d25125a22b8caf987526d43ab695e341,9c09f0a96c9e0e5e41e227ec57be14f0563d76ff65342bd4942b5423c4df1178
meanrev,CM.ESU6,135,2026-07-01T04:51:45.000Z,2026-07-01T04:52:00.000Z,2026-07-01T04:56:00.000Z,144787,144788,144804,3237,3238,3254,short,7534.25,7537.0,7533.5,7533.5,16,0.75,0.2727,win,18906,7563,58bc710e2327655c105b13f43632b9a7d25125a22b8caf987526d43ab695e341,9c09f0a96c9e0e5e41e227ec57be14f0563d76ff65342bd4942b5423c4df1178
meanrev,CM.ESU6,136,2026-07-01T04:56:15.000Z,2026-07-01T04:56:30.000Z,2026-07-01T04:58:15.000Z,144805,144806,144813,3255,3256,3263,long,7533.25,7531.25,7534.0,7531.25,7,-2.0,-1.0,loss,18906,7563,58bc710e2327655c105b13f43632b9a7d25125a22b8caf987526d43ab695e341,9c09f0a96c9e0e5e41e227ec57be14f0563d76ff65342bd4942b5423c4df1178
meanrev,CM.ESU6,137,2026-07-01T04:58:15.000Z,2026-07-01T04:58:30.000Z,2026-07-01T05:08:00.000Z,144813,144814,144852,3263,3264,3302,long,7531.5,7524.0,7532.75,7532.75,38,1.25,0.1667,win,18906,7563,58bc710e2327655c105b13f43632b9a7d25125a22b8caf987526d43ab695e341,9c09f0a96c9e0e5e41e227ec57be14f0563d76ff65342bd4942b5423c4df1178
meanrev,CM.ESU6,138,2026-07-01T05:08:00.000Z,2026-07-01T05:08:15.000Z,2026-07-01T05:10:15.000Z,144852,144853,144861,3302,3303,3311,short,7532.25,7539.5,7531.0,7531.0,8,1.25,0.1724,win,18906,7563,58bc710e2327655c105b13f43632b9a7d25125a22b8caf987526d43ab695e341,9c09f0a96c9e0e5e41e227ec57be14f0563d76ff65342bd4942b5423c4df1178
meanrev,CM.ESU6,139,2026-07-01T05:10:15.000Z,2026-07-01T05:10:30.000Z,2026-07-01T05:15:30.000Z,144861,144862,144882,3311,3312,3332,long,7530.25,7525.5,7531.25,7531.25,20,1.0,0.2105,win,18906,7563,58bc710e2327655c105b13f43632b9a7d25125a22b8caf987526d43ab695e341,9c09f0a96c9e0e5e41e227ec57be14f0563d76ff65342bd4942b5423c4df1178
meanrev,CM.ESU6,140,2026-07-01T05:15:30.000Z,2026-07-01T05:15:45.000Z,2026-07-01T05:15:45.000Z,144882,144883,144883,3332,3333,3333,short,7531.0,7533.0,7530.5,7530.5,0,0.5,0.25,win,18906,7563,58bc710e2327655c105b13f43632b9a7d25125a22b8caf987526d43ab695e341,9c09f0a96c9e0e5e41e227ec57be14f0563d76ff65342bd4942b5423c4df1178
meanrev,CM.ESU6,141,2026-07-01T05:21:00.000Z,2026-07-01T05:21:15.000Z,2026-07-01T05:37:30.000Z,144904,144905,144970,3354,3355,3420,long,7529.5,7527.25,7530.25,7527.25,65,-2.25,-1.0,loss,18906,7563,58bc710e2327655c105b13f43632b9a7d25125a22b8caf987526d43ab695e341,9c09f0a96c9e0e5e41e227ec57be14f0563d76ff65342bd4942b5423c4df1178
meanrev,CM.ESU6,142,2026-07-01T05:37:30.000Z,2026-07-01T05:37:45.000Z,2026-07-01T05:39:30.000Z,144970,144971,144978,3420,3421,3428,long,7527.25,7523.25,7528.25,7528.25,7,1.0,0.25,win,18906,7563,58bc710e2327655c105b13f43632b9a7d25125a22b8caf987526d43ab695e341,9c09f0a96c9e0e5e41e227ec57be14f0563d76ff65342bd4942b5423c4df1178
meanrev,CM.ESU6,143,2026-07-01T05:40:45.000Z,2026-07-01T05:41:00.000Z,2026-07-01T05:44:15.000Z,144983,144984,144997,3433,3434,3447,short,7529.0,7533.25,7528.25,7528.25,13,0.75,0.1765,win,18906,7563,58bc710e2327655c105b13f43632b9a7d25125a22b8caf987526d43ab695e341,9c09f0a96c9e0e5e41e227ec57be14f0563d76ff65342bd4942b5423c4df1178
meanrev,CM.ESU6,144,2026-07-01T05:44:30.000Z,2026-07-01T05:44:45.000Z,2026-07-01T05:45:15.000Z,144998,144999,145001,3448,3449,3451,long,7528.0,7523.0,7528.75,7528.75,2,0.75,0.15,win,18906,7563,58bc710e2327655c105b13f43632b9a7d25125a22b8caf987526d43ab695e341,9c09f0a96c9e0e5e41e227ec57be14f0563d76ff65342bd4942b5423c4df1178
meanrev,CM.ESU6,145,2026-07-01T05:45:45.000Z,2026-07-01T05:46:00.000Z,2026-07-01T05:46:45.000Z,145003,145004,145007,3453,3454,3457,long,7528.0,7522.75,7528.75,7528.75,3,0.75,0.1429,win,18906,7563,58bc710e2327655c105b13f43632b9a7d25125a22b8caf987526d43ab695e341,9c09f0a96c9e0e5e41e227ec57be14f0563d76ff65342bd4942b5423c4df1178
meanrev,CM.ESU6,146,2026-07-01T05:49:15.000Z,2026-07-01T05:49:30.000Z,2026-07-01T05:51:30.000Z,145017,145018,145026,3467,3468,3476,long,7527.25,7523.25,7528.0,7528.0,8,0.75,0.1875,win,18906,7563,58bc710e2327655c105b13f43632b9a7d25125a22b8caf987526d43ab695e341,9c09f0a96c9e0e5e41e227ec57be14f0563d76ff65342bd4942b5423c4df1178
meanrev,CM.ESU6,147,2026-07-01T06:00:30.000Z,2026-07-01T06:00:45.000Z,2026-07-01T06:01:45.000Z,145070,145071,145075,3511,3512,3516,short,7528.25,7530.75,7527.75,7527.75,4,0.5,0.2,win,18906,7563,58bc710e2327655c105b13f43632b9a7d25125a22b8caf987526d43ab695e341,9c09f0a96c9e0e5e41e227ec57be14f0563d76ff65342bd4942b5423c4df1178
meanrev,CM.ESU6,148,2026-07-01T06:02:30.000Z,2026-07-01T06:02:45.000Z,2026-07-01T06:09:45.000Z,145078,145079,145107,3519,3520,3548,long,7526.5,7522.25,7527.5,7527.5,28,1.0,0.2353,win,18906,7563,58bc710e2327655c105b13f43632b9a7d25125a22b8caf987526d43ab695e341,9c09f0a96c9e0e5e41e227ec57be14f0563d76ff65342bd4942b5423c4df1178
meanrev,CM.ESU6,149,2026-07-01T06:09:45.000Z,2026-07-01T06:10:00.000Z,2026-07-01T06:10:30.000Z,145107,145108,145110,3548,3549,3551,short,7527.25,7529.75,7526.5,7526.5,2,0.75,0.3,win,18906,7563,58bc710e2327655c105b13f43632b9a7d25125a22b8caf987526d43ab695e341,9c09f0a96c9e0e5e41e227ec57be14f0563d76ff65342bd4942b5423c4df1178
meanrev,CM.ESU6,150,2026-07-01T06:10:30.000Z,2026-07-01T06:10:45.000Z,2026-07-01T06:12:30.000Z,145110,145111,145118,3551,3552,3559,short,7528.0,7531.5,7526.75,7526.75,7,1.25,0.3571,win,18906,7563,58bc710e2327655c105b13f43632b9a7d25125a22b8caf987526d43ab695e341,9c09f0a96c9e0e5e41e227ec57be14f0563d76ff65342bd4942b5423c4df1178
meanrev,CM.ESU6,151,2026-07-01T06:18:00.000Z,2026-07-01T06:18:15.000Z,2026-07-01T06:19:45.000Z,145149,145150,145156,3581,3582,3588,long,7526.0,7522.5,7526.5,7526.5,6,0.5,0.1429,win,18906,7563,58bc710e2327655c105b13f43632b9a7d25125a22b8caf987526d43ab695e341,9c09f0a96c9e0e5e41e227ec57be14f0563d76ff65342bd4942b5423c4df1178
meanrev,CM.ESU6,152,2026-07-01T06:24:30.000Z,2026-07-01T06:24:45.000Z,2026-07-01T06:25:00.000Z,145175,145176,145177,3607,3608,3609,long,7525.5,7524.0,7526.0,7526.0,1,0.5,0.3333,win,18906,7563,58bc710e2327655c105b13f43632b9a7d25125a22b8caf987526d43ab695e341,9c09f0a96c9e0e5e41e227ec57be14f0563d76ff65342bd4942b5423c4df1178
meanrev,CM.ESU6,153,2026-07-01T06:25:15.000Z,2026-07-01T06:25:30.000Z,2026-07-01T06:26:15.000Z,145178,145179,145191,3610,3611,3614,long,7524.75,7522.5,7525.75,7522.5,3,-2.25,-1.0,loss,18906,7563,58bc710e2327655c105b13f43632b9a7d25125a22b8caf987526d43ab695e341,9c09f0a96c9e0e5e41e227ec57be14f0563d76ff65342bd4942b5423c4df1178
meanrev,CM.ESU6,154,2026-07-01T06:26:15.000Z,2026-07-01T06:26:30.000Z,2026-07-01T06:27:15.000Z,145191,145192,145195,3614,3615,3618,long,7523.25,7516.0,7524.75,7524.75,3,1.5,0.2069,win,18906,7563,58bc710e2327655c105b13f43632b9a7d25125a22b8caf987526d43ab695e341,9c09f0a96c9e0e5e41e227ec57be14f0563d76ff65342bd4942b5423c4df1178
meanrev,CM.ESU6,155,2026-07-01T06:32:30.000Z,2026-07-01T06:32:45.000Z,2026-07-01T06:32:45.000Z,145216,145217,145217,3639,3640,3640,long,7525.0,7522.5,7525.75,7525.75,0,0.75,0.3,win,18906,7563,58bc710e2327655c105b13f43632b9a7d25125a22b8caf987526d43ab695e341,9c09f0a96c9e0e5e41e227ec57be14f0563d76ff65342bd4942b5423c4df1178
meanrev,CM.ESU6,156,2026-07-01T06:34:45.000Z,2026-07-01T06:35:00.000Z,2026-07-01T06:35:15.000Z,145225,145226,145227,3648,3649,3650,long,7525.25,7522.5,7525.75,7525.75,1,0.5,0.1818,win,18906,7563,58bc710e2327655c105b13f43632b9a7d25125a22b8caf987526d43ab695e341,9c09f0a96c9e0e5e41e227ec57be14f0563d76ff65342bd4942b5423c4df1178
meanrev,CM.ESU6,157,2026-07-01T06:35:30.000Z,2026-07-01T06:35:45.000Z,2026-07-01T06:35:45.000Z,145228,145229,145229,3651,3652,3652,long,7524.75,7521.5,7525.5,7525.5,0,0.75,0.2308,win,18906,7563,58bc710e2327655c105b13f43632b9a7d25125a22b8caf987526d43ab695e341,9c09f0a96c9e0e5e41e227ec57be14f0563d76ff65342bd4942b5423c4df1178
meanrev,CM.ESU6,158,2026-07-01T06:39:30.000Z,2026-07-01T06:39:45.000Z,2026-07-01T06:40:15.000Z,145253,145254,145256,3667,3668,3670,short,7526.25,7529.0,7525.5,7525.5,2,0.75,0.2727,win,18906,7563,58bc710e2327655c105b13f43632b9a7d25125a22b8caf987526d43ab695e341,9c09f0a96c9e0e5e41e227ec57be14f0563d76ff65342bd4942b5423c4df1178
meanrev,CM.ESU6,159,2026-07-01T06:41:30.000Z,2026-07-01T06:41:45.000Z,2026-07-01T06:43:30.000Z,145261,145262,145269,3675,3676,3683,long,7525.25,7523.0,7525.5,7525.5,7,0.25,0.1111,win,18906,7563,58bc710e2327655c105b13f43632b9a7d25125a22b8caf987526d43ab695e341,9c09f0a96c9e0e5e41e227ec57be14f0563d76ff65342bd4942b5423c4df1178
meanrev,CM.ESU6,160,2026-07-01T06:45:00.000Z,2026-07-01T06:45:15.000Z,2026-07-01T06:45:30.000Z,145275,145276,145277,3689,3690,3691,short,7526.75,7530.25,7526.0,7526.0,1,0.75,0.2143,win,18906,7563,58bc710e2327655c105b13f43632b9a7d25125a22b8caf987526d43ab695e341,9c09f0a96c9e0e5e41e227ec57be14f0563d76ff65342bd4942b5423c4df1178
meanrev,CM.ESU6,161,2026-07-01T06:46:15.000Z,2026-07-01T06:46:30.000Z,2026-07-01T06:53:45.000Z,145280,145281,145319,3694,3695,3724,short,7526.75,7531.75,7526.0,7526.0,29,0.75,0.15,win,18906,7563,58bc710e2327655c105b13f43632b9a7d25125a22b8caf987526d43ab695e341,9c09f0a96c9e0e5e41e227ec57be14f0563d76ff65342bd4942b5423c4df1178
meanrev,CM.ESU6,162,2026-07-01T06:55:15.000Z,2026-07-01T06:55:30.000Z,2026-07-01T07:10:15.000Z,145325,145326,145403,3730,3731,3790,long,7524.75,7517.5,7526.0,7517.5,59,-7.25,-1.0,loss,18906,7563,58bc710e2327655c105b13f43632b9a7d25125a22b8caf987526d43ab695e341,9c09f0a96c9e0e5e41e227ec57be14f0563d76ff65342bd4942b5423c4df1178
meanrev,CM.ESU6,163,2026-07-01T07:10:15.000Z,2026-07-01T07:10:30.000Z,2026-07-01T07:24:00.000Z,145403,145404,145467,3790,3791,3845,long,7516.75,7508.75,7519.25,7519.25,54,2.5,0.3125,win,18906,7563,58bc710e2327655c105b13f43632b9a7d25125a22b8caf987526d43ab695e341,9c09f0a96c9e0e5e41e227ec57be14f0563d76ff65342bd4942b5423c4df1178
meanrev,CM.ESU6,164,2026-07-01T07:24:00.000Z,2026-07-01T07:24:15.000Z,2026-07-01T07:44:00.000Z,145467,145468,145565,3845,3846,3925,short,7519.5,7536.0,7516.75,7520.0,79,-0.5,-0.0303,loss,18906,7563,58bc710e2327655c105b13f43632b9a7d25125a22b8caf987526d43ab695e341,9c09f0a96c9e0e5e41e227ec57be14f0563d76ff65342bd4942b5423c4df1178
meanrev,CM.ESU6,165,2026-07-01T07:44:45.000Z,2026-07-01T07:45:00.000Z,2026-07-01T07:45:15.000Z,145568,145569,145570,3928,3929,3930,long,7519.25,7515.0,7520.0,7520.0,1,0.75,0.1765,win,18906,7563,58bc710e2327655c105b13f43632b9a7d25125a22b8caf987526d43ab695e341,9c09f0a96c9e0e5e41e227ec57be14f0563d76ff65342bd4942b5423c4df1178
meanrev,CM.ESU6,166,2026-07-01T07:46:15.000Z,2026-07-01T07:46:30.000Z,2026-07-01T07:47:15.000Z,145583,145584,145587,3934,3935,3938,long,7518.75,7514.5,7519.75,7519.75,3,1.0,0.2353,win,18906,7563,58bc710e2327655c105b13f43632b9a7d25125a22b8caf987526d43ab695e341,9c09f0a96c9e0e5e41e227ec57be14f0563d76ff65342bd4942b5423c4df1178
meanrev,CM.ESU6,167,2026-07-01T07:48:30.000Z,2026-07-01T07:48:45.000Z,2026-07-01T07:49:30.000Z,145592,145593,145596,3943,3944,3947,short,7520.75,7524.0,7520.0,7520.0,3,0.75,0.2308,win,18906,7563,58bc710e2327655c105b13f43632b9a7d25125a22b8caf987526d43ab695e341,9c09f0a96c9e0e5e41e227ec57be14f0563d76ff65342bd4942b5423c4df1178
meanrev,CM.ESU6,168,2026-07-01T07:49:45.000Z,2026-07-01T07:50:00.000Z,2026-07-01T07:50:45.000Z,145597,145598,145601,3948,3949,3952,short,7521.25,7526.5,7520.25,7520.25,3,1.0,0.1905,win,18906,7563,58bc710e2327655c105b13f43632b9a7d25125a22b8caf987526d43ab695e341,9c09f0a96c9e0e5e41e227ec57be14f0563d76ff65342bd4942b5423c4df1178
meanrev,CM.ESU6,169,2026-07-01T07:54:30.000Z,2026-07-01T07:54:45.000Z,2026-07-01T12:15:00.000Z,145616,145617,145646,3967,3968,3988,short,7522.0,7527.75,7521.25,7533.0,20,-11.0,-1.913,loss,18906,7563,58bc710e2327655c105b13f43632b9a7d25125a22b8caf987526d43ab695e341,9c09f0a96c9e0e5e41e227ec57be14f0563d76ff65342bd4942b5423c4df1178
meanrev,CM.ESU6,170,2026-07-01T12:15:00.000Z,2026-07-01T12:15:15.000Z,2026-07-01T12:20:15.000Z,145646,145647,145676,3988,3989,4009,short,7532.75,7537.25,7526.5,7537.25,20,-4.5,-1.0,loss,18906,7563,58bc710e2327655c105b13f43632b9a7d25125a22b8caf987526d43ab695e341,9c09f0a96c9e0e5e41e227ec57be14f0563d76ff65342bd4942b5423c4df1178
meanrev,CM.ESU6,171,2026-07-01T12:20:15.000Z,2026-07-01T12:20:30.000Z,2026-07-01T12:22:15.000Z,145676,145677,145684,4009,4010,4017,short,7537.25,7543.25,7535.75,7535.75,7,1.5,0.25,win,18906,7563,58bc710e2327655c105b13f43632b9a7d25125a22b8caf987526d43ab695e341,9c09f0a96c9e0e5e41e227ec57be14f0563d76ff65342bd4942b5423c4df1178
meanrev,CM.ESU6,172,2026-07-01T12:30:00.000Z,2026-07-01T12:30:15.000Z,2026-07-01T12:30:45.000Z,145724,145725,145727,4048,4049,4051,long,7535.75,7532.75,7536.5,7532.75,2,-3.0,-1.0,loss,18906,7563,58bc710e2327655c105b13f43632b9a7d25125a22b8caf987526d43ab695e341,9c09f0a96c9e0e5e41e227ec57be14f0563d76ff65342bd4942b5423c4df1178
meanrev,CM.ESU6,173,2026-07-01T12:30:45.000Z,2026-07-01T12:31:00.000Z,2026-07-01T12:32:15.000Z,145727,145728,145733,4051,4052,4057,long,7532.75,7527.25,7535.25,7535.25,5,2.5,0.4545,win,18906,7563,58bc710e2327655c105b13f43632b9a7d25125a22b8caf987526d43ab695e341,9c09f0a96c9e0e5e41e227ec57be14f0563d76ff65342bd4942b5423c4df1178
meanrev,CM.ESU6,174,2026-07-01T12:34:00.000Z,2026-07-01T12:34:15.000Z,2026-07-01T12:34:15.000Z,145740,145741,145741,4064,4065,4065,short,7537.75,7547.5,7536.0,7536.0,0,1.75,0.1795,win,18906,7563,58bc710e2327655c105b13f43632b9a7d25125a22b8caf987526d43ab695e341,9c09f0a96c9e0e5e41e227ec57be14f0563d76ff65342bd4942b5423c4df1178
meanrev,CM.ESU6,175,2026-07-01T12:34:30.000Z,2026-07-01T12:34:45.000Z,2026-07-01T12:54:30.000Z,145742,145743,145849,4066,4067,4146,long,7532.0,7523.0,7534.0,7528.0,79,-4.0,-0.4444,loss,18906,7563,58bc710e2327655c105b13f43632b9a7d25125a22b8caf987526d43ab695e341,9c09f0a96c9e0e5e41e227ec57be14f0563d76ff65342bd4942b5423c4df1178
meanrev,CM.ESU6,176,2026-07-01T12:55:45.000Z,2026-07-01T12:56:00.000Z,2026-07-01T12:56:00.000Z,145854,145855,145855,4151,4152,4152,long,7526.25,7517.25,7528.0,7528.0,0,1.75,0.1944,win,18906,7563,58bc710e2327655c105b13f43632b9a7d25125a22b8caf987526d43ab695e341,9c09f0a96c9e0e5e41e227ec57be14f0563d76ff65342bd4942b5423c4df1178
meanrev,CM.ESU6,177,2026-07-01T12:57:30.000Z,2026-07-01T12:57:45.000Z,2026-07-01T12:58:15.000Z,145861,145862,145864,4158,4159,4161,short,7531.0,7540.0,7529.25,7529.25,2,1.75,0.1944,win,18906,7563,58bc710e2327655c105b13f43632b9a7d25125a22b8caf987526d43ab695e341,9c09f0a96c9e0e5e41e227ec57be14f0563d76ff65342bd4942b5423c4df1178
meanrev,CM.ESU6,178,2026-07-01T12:59:00.000Z,2026-07-01T12:59:15.000Z,2026-07-01T12:59:45.000Z,145867,145868,145870,4164,4165,4167,short,7531.5,7542.5,7529.75,7529.75,2,1.75,0.1591,win,18906,7563,58bc710e2327655c105b13f43632b9a7d25125a22b8caf987526d43ab695e341,9c09f0a96c9e0e5e41e227ec57be14f0563d76ff65342bd4942b5423c4df1178
meanrev,CM.ESU6,179,2026-07-01T13:01:15.000Z,2026-07-01T13:01:30.000Z,2026-07-01T13:04:00.000Z,145874,145875,145894,4169,4170,4180,short,7532.75,7545.0,7530.5,7530.5,10,2.25,0.1837,win,18906,7563,58bc710e2327655c105b13f43632b9a7d25125a22b8caf987526d43ab695e341,9c09f0a96c9e0e5e41e227ec57be14f0563d76ff65342bd4942b5423c4df1178
meanrev,CM.ESU6,180,2026-07-02T01:11:30.000Z,2026-07-02T01:11:45.000Z,2026-07-02T01:31:30.000Z,151918,151919,152016,4187,4188,4267,short,7548.25,7560.5,7537.75,7552.75,79,-4.5,-0.3673,loss,18906,7563,58bc710e2327655c105b13f43632b9a7d25125a22b8caf987526d43ab695e341,9c09f0a96c9e0e5e41e227ec57be14f0563d76ff65342bd4942b5423c4df1178
meanrev,CM.ESU6,181,2026-07-02T01:31:30.000Z,2026-07-02T01:31:45.000Z,2026-07-02T01:32:30.000Z,152016,152017,152020,4267,4268,4271,short,7552.5,7560.0,7550.75,7550.75,3,1.75,0.2333,win,18906,7563,58bc710e2327655c105b13f43632b9a7d25125a22b8caf987526d43ab695e341,9c09f0a96c9e0e5e41e227ec57be14f0563d76ff65342bd4942b5423c4df1178
meanrev,CM.ESU6,182,2026-07-02T01:37:15.000Z,2026-07-02T01:37:30.000Z,2026-07-02T01:39:15.000Z,152048,152049,152056,4290,4291,4298,short,7553.0,7557.5,7551.5,7551.5,7,1.5,0.3333,win,18906,7563,58bc710e2327655c105b13f43632b9a7d25125a22b8caf987526d43ab695e341,9c09f0a96c9e0e5e41e227ec57be14f0563d76ff65342bd4942b5423c4df1178
meanrev,CM.ESU6,183,2026-07-02T01:39:45.000Z,2026-07-02T01:40:00.000Z,2026-07-02T01:45:15.000Z,152058,152059,152080,4300,4301,4322,short,7554.0,7561.75,7552.5,7552.5,21,1.5,0.1935,win,18906,7563,58bc710e2327655c105b13f43632b9a7d25125a22b8caf987526d43ab695e341,9c09f0a96c9e0e5e41e227ec57be14f0563d76ff65342bd4942b5423c4df1178
meanrev,CM.ESU6,184,2026-07-02T01:45:15.000Z,2026-07-02T01:45:30.000Z,2026-07-02T01:46:00.000Z,152080,152081,152092,4322,4323,4325,long,7552.5,7549.75,7553.75,7553.75,2,1.25,0.4545,win,18906,7563,58bc710e2327655c105b13f43632b9a7d25125a22b8caf987526d43ab695e341,9c09f0a96c9e0e5e41e227ec57be14f0563d76ff65342bd4942b5423c4df1178
meanrev,CM.ESU6,185,2026-07-02T01:47:30.000Z,2026-07-02T01:47:45.000Z,2026-07-02T01:47:45.000Z,152098,152099,152099,4331,4332,4332,short,7555.5,7560.0,7554.5,7554.5,0,1.0,0.2222,win,18906,7563,58bc710e2327655c105b13f43632b9a7d25125a22b8caf987526d43ab695e341,9c09f0a96c9e0e5e41e227ec57be14f0563d76ff65342bd4942b5423c4df1178
meanrev,CM.ESU6,186,2026-07-02T01:48:45.000Z,2026-07-02T01:49:00.000Z,2026-07-02T01:50:00.000Z,152103,152104,152108,4336,4337,4341,short,7555.5,7561.0,7554.5,7554.5,4,1.0,0.1818,win,18906,7563,58bc710e2327655c105b13f43632b9a7d25125a22b8caf987526d43ab695e341,9c09f0a96c9e0e5e41e227ec57be14f0563d76ff65342bd4942b5423c4df1178
meanrev,CM.ESU6,187,2026-07-02T01:53:15.000Z,2026-07-02T01:53:30.000Z,2026-07-02T01:54:30.000Z,152121,152122,152126,4354,4355,4359,long,7553.0,7548.25,7554.25,7554.25,4,1.25,0.2632,win,18906,7563,58bc710e2327655c105b13f43632b9a7d25125a22b8caf987526d43ab695e341,9c09f0a96c9e0e5e41e227ec57be14f0563d76ff65342bd4942b5423c4df1178
meanrev,CM.ESU6,188,2026-07-02T01:55:15.000Z,2026-07-02T01:55:30.000Z,2026-07-02T01:57:00.000Z,152129,152130,152145,4362,4363,4369,long,7552.75,7547.75,7553.75,7553.75,6,1.0,0.2,win,18906,7563,58bc710e2327655c105b13f43632b9a7d25125a22b8caf987526d43ab695e341,9c09f0a96c9e0e5e41e227ec57be14f0563d76ff65342bd4942b5423c4df1178
meanrev,CM.ESU6,189,2026-07-02T01:58:45.000Z,2026-07-02T01:59:00.000Z,2026-07-02T02:00:45.000Z,152152,152153,152160,4376,4377,4384,long,7552.25,7549.25,7553.0,7553.0,7,0.75,0.25,win,18906,7563,58bc710e2327655c105b13f43632b9a7d25125a22b8caf987526d43ab695e341,9c09f0a96c9e0e5e41e227ec57be14f0563d76ff65342bd4942b5423c4df1178
meanrev,CM.ESU6,190,2026-07-02T02:06:00.000Z,2026-07-02T02:06:15.000Z,2026-07-02T02:14:30.000Z,152190,152191,152233,4405,4406,4439,short,7553.5,7556.75,7553.0,7556.75,33,-3.25,-1.0,loss,18906,7563,58bc710e2327655c105b13f43632b9a7d25125a22b8caf987526d43ab695e341,9c09f0a96c9e0e5e41e227ec57be14f0563d76ff65342bd4942b5423c4df1178
meanrev,CM.ESU6,191,2026-07-02T02:14:30.000Z,2026-07-02T02:14:45.000Z,2026-07-02T02:21:00.000Z,152233,152234,152259,4439,4440,4465,short,7556.75,7563.0,7555.5,7555.5,25,1.25,0.2,win,18906,7563,58bc710e2327655c105b13f43632b9a7d25125a22b8caf987526d43ab695e341,9c09f0a96c9e0e5e41e227ec57be14f0563d76ff65342bd4942b5423c4df1178
meanrev,CM.ESU6,192,2026-07-02T02:22:30.000Z,2026-07-02T02:22:45.000Z,2026-07-02T02:27:30.000Z,152265,152266,152294,4471,4472,4491,long,7555.25,7552.25,7556.0,7556.0,19,0.75,0.25,win,18906,7563,58bc710e2327655c105b13f43632b9a7d25125a22b8caf987526d43ab695e341,9c09f0a96c9e0e5e41e227ec57be14f0563d76ff65342bd4942b5423c4df1178
meanrev,CM.ESU6,193,2026-07-02T02:27:45.000Z,2026-07-02T02:28:00.000Z,2026-07-02T02:29:15.000Z,152295,152296,152301,4492,4493,4498,short,7555.75,7560.25,7554.75,7554.75,5,1.0,0.2222,win,18906,7563,58bc710e2327655c105b13f43632b9a7d25125a22b8caf987526d43ab695e341,9c09f0a96c9e0e5e41e227ec57be14f0563d76ff65342bd4942b5423c4df1178
meanrev,CM.ESU6,194,2026-07-02T02:31:45.000Z,2026-07-02T02:32:00.000Z,2026-07-02T02:32:15.000Z,152311,152312,152313,4508,4509,4510,long,7553.25,7548.75,7554.25,7554.25,1,1.0,0.2222,win,18906,7563,58bc710e2327655c105b13f43632b9a7d25125a22b8caf987526d43ab695e341,9c09f0a96c9e0e5e41e227ec57be14f0563d76ff65342bd4942b5423c4df1178
meanrev,CM.ESU6,195,2026-07-02T02:33:00.000Z,2026-07-02T02:33:15.000Z,2026-07-02T02:37:15.000Z,152316,152317,152333,4513,4514,4530,short,7556.0,7560.5,7555.0,7555.0,16,1.0,0.2222,win,18906,7563,58bc710e2327655c105b13f43632b9a7d25125a22b8caf987526d43ab695e341,9c09f0a96c9e0e5e41e227ec57be14f0563d76ff65342bd4942b5423c4df1178
meanrev,CM.ESU6,196,2026-07-02T02:40:00.000Z,2026-07-02T02:40:15.000Z,2026-07-02T02:41:15.000Z,152343,152344,152348,4540,4541,4545,long,7555.5,7552.75,7556.0,7556.0,4,0.5,0.1818,win,18906,7563,58bc710e2327655c105b13f43632b9a7d25125a22b8caf987526d43ab695e341,9c09f0a96c9e0e5e41e227ec57be14f0563d76ff65342bd4942b5423c4df1178
meanrev,CM.ESU6,197,2026-07-02T02:46:00.000Z,2026-07-02T02:46:15.000Z,2026-07-02T02:49:30.000Z,152367,152368,152381,4564,4565,4578,short,7556.75,7558.75,7556.25,7556.25,13,0.5,0.25,win,18906,7563,58bc710e2327655c105b13f43632b9a7d25125a22b8caf987526d43ab695e341,9c09f0a96c9e0e5e41e227ec57be14f0563d76ff65342bd4942b5423c4df1178
meanrev,CM.ESU6,198,2026-07-02T02:53:30.000Z,2026-07-02T02:53:45.000Z,2026-07-02T02:54:30.000Z,152406,152407,152410,4594,4595,4598,long,7555.5,7553.0,7556.0,7556.0,3,0.5,0.2,win,18906,7563,58bc710e2327655c105b13f43632b9a7d25125a22b8caf987526d43ab695e341,9c09f0a96c9e0e5e41e227ec57be14f0563d76ff65342bd4942b5423c4df1178
meanrev,CM.ESU6,199,2026-07-02T02:56:15.000Z,2026-07-02T02:56:30.000Z,2026-07-02T03:03:15.000Z,152417,152418,152454,4605,4606,4633,short,7556.75,7559.5,7556.25,7556.25,27,0.5,0.1818,win,18906,7563,58bc710e2327655c105b13f43632b9a7d25125a22b8caf987526d43ab695e341,9c09f0a96c9e0e5e41e227ec57be14f0563d76ff65342bd4942b5423c4df1178
meanrev,CM.ESU6,200,2026-07-02T03:03:15.000Z,2026-07-02T03:03:30.000Z,2026-07-02T03:10:00.000Z,152454,152455,152481,4633,4634,4660,long,7556.0,7553.0,7556.75,7553.0,26,-3.0,-1.0,loss,18906,7563,58bc710e2327655c105b13f43632b9a7d25125a22b8caf987526d43ab695e341,9c09f0a96c9e0e5e41e227ec57be14f0563d76ff65342bd4942b5423c4df1178
meanrev,CM.ESU6,201,2026-07-02T03:10:00.000Z,2026-07-02T03:10:15.000Z,2026-07-02T03:13:15.000Z,152481,152482,152494,4660,4661,4673,long,7552.75,7549.25,7554.25,7554.25,12,1.5,0.4286,win,18906,7563,58bc710e2327655c105b13f43632b9a7d25125a22b8caf987526d43ab695e341,9c09f0a96c9e0e5e41e227ec57be14f0563d76ff65342bd4942b5423c4df1178
meanrev,CM.ESU6,202,2026-07-02T03:18:30.000Z,2026-07-02T03:18:45.000Z,2026-07-02T03:19:00.000Z,152524,152525,152526,4694,4695,4696,long,7553.5,7550.75,7554.0,7554.0,1,0.5,0.1818,win,18906,7563,58bc710e2327655c105b13f43632b9a7d25125a22b8caf987526d43ab695e341,9c09f0a96c9e0e5e41e227ec57be14f0563d76ff65342bd4942b5423c4df1178
meanrev,CM.ESU6,203,2026-07-02T03:19:00.000Z,2026-07-02T03:19:15.000Z,2026-07-02T03:20:15.000Z,152526,152527,152531,4696,4697,4701,long,7553.0,7550.0,7553.75,7553.75,4,0.75,0.25,win,18906,7563,58bc710e2327655c105b13f43632b9a7d25125a22b8caf987526d43ab695e341,9c09f0a96c9e0e5e41e227ec57be14f0563d76ff65342bd4942b5423c4df1178
meanrev,CM.ESU6,204,2026-07-02T03:21:15.000Z,2026-07-02T03:21:30.000Z,2026-07-02T03:28:45.000Z,152535,152536,152574,4705,4706,4735,long,7552.0,7548.0,7553.0,7553.0,29,1.0,0.25,win,18906,7563,58bc710e2327655c105b13f43632b9a7d25125a22b8caf987526d43ab695e341,9c09f0a96c9e0e5e41e227ec57be14f0563d76ff65342bd4942b5423c4df1178
meanrev,CM.ESU6,205,2026-07-02T03:28:45.000Z,2026-07-02T03:29:00.000Z,2026-07-02T03:30:15.000Z,152574,152575,152580,4735,4736,4741,short,7552.75,7559.0,7551.5,7551.5,5,1.25,0.2,win,18906,7563,58bc710e2327655c105b13f43632b9a7d25125a22b8caf987526d43ab695e341,9c09f0a96c9e0e5e41e227ec57be14f0563d76ff65342bd4942b5423c4df1178
meanrev,CM.ESU6,206,2026-07-02T03:31:45.000Z,2026-07-02T03:32:00.000Z,2026-07-02T03:32:15.000Z,152586,152587,152588,4747,4748,4749,short,7554.75,7563.5,7553.0,7553.0,1,1.75,0.2,win,18906,7563,58bc710e2327655c105b13f43632b9a7d25125a22b8caf987526d43ab695e341,9c09f0a96c9e0e5e41e227ec57be14f0563d76ff65342bd4942b5423c4df1178
meanrev,CM.ESU6,207,2026-07-02T03:32:15.000Z,2026-07-02T03:32:30.000Z,2026-07-02T03:39:15.000Z,152588,152589,152625,4749,4750,4777,short,7555.25,7564.75,7553.5,7553.5,27,1.75,0.1842,win,18906,7563,58bc710e2327655c105b13f43632b9a7d25125a22b8caf987526d43ab695e341,9c09f0a96c9e0e5e41e227ec57be14f0563d76ff65342bd4942b5423c4df1178
meanrev,CM.ESU6,208,2026-07-02T03:39:15.000Z,2026-07-02T03:39:30.000Z,2026-07-02T03:54:00.000Z,152625,152626,152693,4777,4778,4836,long,7553.75,7548.0,7555.0,7555.0,58,1.25,0.2174,win,18906,7563,58bc710e2327655c105b13f43632b9a7d25125a22b8caf987526d43ab695e341,9c09f0a96c9e0e5e41e227ec57be14f0563d76ff65342bd4942b5423c4df1178
meanrev,CM.ESU6,209,2026-07-02T03:54:00.000Z,2026-07-02T03:54:15.000Z,2026-07-02T04:01:15.000Z,152693,152694,152722,4836,4837,4865,short,7555.25,7562.0,7553.75,7553.75,28,1.5,0.2222,win,18906,7563,58bc710e2327655c105b13f43632b9a7d25125a22b8caf987526d43ab695e341,9c09f0a96c9e0e5e41e227ec57be14f0563d76ff65342bd4942b5423c4df1178
meanrev,CM.ESU6,210,2026-07-02T04:01:15.000Z,2026-07-02T04:01:30.000Z,2026-07-02T04:02:15.000Z,152722,152732,152735,4865,4866,4869,long,7553.25,7549.0,7554.25,7554.25,3,1.0,0.2353,win,18906,7563,58bc710e2327655c105b13f43632b9a7d25125a22b8caf987526d43ab695e341,9c09f0a96c9e0e5e41e227ec57be14f0563d76ff65342bd4942b5423c4df1178
meanrev,CM.ESU6,211,2026-07-02T04:02:45.000Z,2026-07-02T04:03:00.000Z,2026-07-02T04:03:30.000Z,152737,152738,152740,4871,4872,4874,short,7555.75,7560.25,7554.75,7554.75,2,1.0,0.2222,win,18906,7563,58bc710e2327655c105b13f43632b9a7d25125a22b8caf987526d43ab695e341,9c09f0a96c9e0e5e41e227ec57be14f0563d76ff65342bd4942b5423c4df1178
meanrev,CM.ESU6,212,2026-07-02T04:09:45.000Z,2026-07-02T04:10:00.000Z,2026-07-02T04:20:30.000Z,152765,152766,152817,4899,4900,4942,long,7551.5,7548.0,7552.25,7548.0,42,-3.5,-1.0,loss,18906,7563,58bc710e2327655c105b13f43632b9a7d25125a22b8caf987526d43ab695e341,9c09f0a96c9e0e5e41e227ec57be14f0563d76ff65342bd4942b5423c4df1178
meanrev,CM.ESU6,213,2026-07-02T04:20:30.000Z,2026-07-02T04:20:45.000Z,2026-07-02T04:22:30.000Z,152817,152818,152825,4942,4943,4950,long,7547.5,7543.5,7548.5,7548.5,7,1.0,0.25,win,18906,7563,58bc710e2327655c105b13f43632b9a7d25125a22b8caf987526d43ab695e341,9c09f0a96c9e0e5e41e227ec57be14f0563d76ff65342bd4942b5423c4df1178
meanrev,CM.ESU6,214,2026-07-02T04:24:15.000Z,2026-07-02T04:24:30.000Z,2026-07-02T04:30:45.000Z,152841,152842,152867,4957,4958,4983,short,7549.0,7552.25,7548.25,7548.25,25,0.75,0.2308,win,18906,7563,58bc710e2327655c105b13f43632b9a7d25125a22b8caf987526d43ab695e341,9c09f0a96c9e0e5e41e227ec57be14f0563d76ff65342bd4942b5423c4df1178
meanrev,CM.ESU6,215,2026-07-02T04:30:45.000Z,2026-07-02T04:31:00.000Z,2026-07-02T04:40:30.000Z,152867,152868,152915,4983,4984,5022,long,7548.25,7543.0,7549.25,7543.0,38,-5.25,-1.0,loss,18906,7563,58bc710e2327655c105b13f43632b9a7d25125a22b8caf987526d43ab695e341,9c09f0a96c9e0e5e41e227ec57be14f0563d76ff65342bd4942b5423c4df1178
meanrev,CM.ESU6,216,2026-07-02T04:40:30.000Z,2026-07-02T04:40:45.000Z,2026-07-02T04:41:15.000Z,152915,152916,152918,5022,5023,5025,long,7543.25,7538.75,7544.0,7544.0,2,0.75,0.1667,win,18906,7563,58bc710e2327655c105b13f43632b9a7d25125a22b8caf987526d43ab695e341,9c09f0a96c9e0e5e41e227ec57be14f0563d76ff65342bd4942b5423c4df1178
meanrev,CM.ESU6,217,2026-07-02T04:41:45.000Z,2026-07-02T04:42:00.000Z,2026-07-02T04:43:15.000Z,152920,152921,152926,5027,5028,5033,long,7542.75,7538.75,7543.75,7543.75,5,1.0,0.25,win,18906,7563,58bc710e2327655c105b13f43632b9a7d25125a22b8caf987526d43ab695e341,9c09f0a96c9e0e5e41e227ec57be14f0563d76ff65342bd4942b5423c4df1178
meanrev,CM.ESU6,218,2026-07-02T04:46:30.000Z,2026-07-02T04:46:45.000Z,2026-07-02T04:48:00.000Z,152948,152949,152954,5046,5047,5052,short,7544.0,7547.0,7543.25,7543.25,5,0.75,0.25,win,18906,7563,58bc710e2327655c105b13f43632b9a7d25125a22b8caf987526d43ab695e341,9c09f0a96c9e0e5e41e227ec57be14f0563d76ff65342bd4942b5423c4df1178
meanrev,CM.ESU6,219,2026-07-02T04:51:30.000Z,2026-07-02T04:51:45.000Z,2026-07-02T05:04:45.000Z,152968,152969,153039,5066,5067,5119,short,7545.25,7550.0,7544.0,7550.0,52,-4.75,-1.0,loss,18906,7563,58bc710e2327655c105b13f43632b9a7d25125a22b8caf987526d43ab695e341,9c09f0a96c9e0e5e41e227ec57be14f0563d76ff65342bd4942b5423c4df1178
meanrev,CM.ESU6,220,2026-07-02T05:04:45.000Z,2026-07-02T05:05:00.000Z,2026-07-02T05:24:45.000Z,153039,153040,153128,5119,5120,5199,short,7550.0,7556.25,7548.5,7554.0,79,-4.0,-0.64,loss,18906,7563,58bc710e2327655c105b13f43632b9a7d25125a22b8caf987526d43ab695e341,9c09f0a96c9e0e5e41e227ec57be14f0563d76ff65342bd4942b5423c4df1178
meanrev,CM.ESU6,221,2026-07-02T05:25:15.000Z,2026-07-02T05:25:30.000Z,2026-07-02T05:26:30.000Z,153130,153131,153135,5201,5202,5206,long,7552.25,7549.5,7553.5,7553.5,4,1.25,0.4545,win,18906,7563,58bc710e2327655c105b13f43632b9a7d25125a22b8caf987526d43ab695e341,9c09f0a96c9e0e5e41e227ec57be14f0563d76ff65342bd4942b5423c4df1178
meanrev,CM.ESU6,222,2026-07-02T05:27:45.000Z,2026-07-02T18:45:45.000Z,2026-07-02T19:04:30.000Z,153329,153330,153423,5210,5211,5286,long,7506.0,7500.0,7534.5,7500.0,75,-6.0,-1.0,loss,18906,7563,58bc710e2327655c105b13f43632b9a7d25125a22b8caf987526d43ab695e341,9c09f0a96c9e0e5e41e227ec57be14f0563d76ff65342bd4942b5423c4df1178
meanrev,CM.ESU6,223,2026-07-02T19:04:30.000Z,2026-07-02T19:04:45.000Z,2026-07-02T19:24:30.000Z,153423,153424,153521,5286,5287,5366,long,7497.75,7483.75,7502.5,7494.75,79,-3.0,-0.2143,loss,18906,7563,58bc710e2327655c105b13f43632b9a7d25125a22b8caf987526d43ab695e341,9c09f0a96c9e0e5e41e227ec57be14f0563d76ff65342bd4942b5423c4df1178
meanrev,CM.ESU6,224,2026-07-02T19:25:45.000Z,2026-07-02T19:26:00.000Z,2026-07-02T19:26:00.000Z,153526,153527,153527,5371,5372,5372,long,7493.75,7490.0,7495.0,7495.0,0,1.25,0.3333,win,18906,7563,58bc710e2327655c105b13f43632b9a7d25125a22b8caf987526d43ab695e341,9c09f0a96c9e0e5e41e227ec57be14f0563d76ff65342bd4942b5423c4df1178
meanrev,CM.ESU6,225,2026-07-02T19:26:15.000Z,2026-07-02T19:26:30.000Z,2026-07-02T19:26:45.000Z,153528,153529,153530,5373,5374,5375,long,7494.0,7489.5,7495.0,7495.0,1,1.0,0.2222,win,18906,7563,58bc710e2327655c105b13f43632b9a7d25125a22b8caf987526d43ab695e341,9c09f0a96c9e0e5e41e227ec57be14f0563d76ff65342bd4942b5423c4df1178
meanrev,CM.ESU6,226,2026-07-02T19:27:15.000Z,2026-07-02T19:27:30.000Z,2026-07-02T19:29:00.000Z,153532,153533,153539,5377,5378,5384,short,7498.0,7503.5,7496.25,7503.5,6,-5.5,-1.0,loss,18906,7563,58bc710e2327655c105b13f43632b9a7d25125a22b8caf987526d43ab695e341,9c09f0a96c9e0e5e41e227ec57be14f0563d76ff65342bd4942b5423c4df1178
meanrev,CM.ESU6,227,2026-07-02T19:29:00.000Z,2026-07-02T19:29:15.000Z,2026-07-02T19:49:00.000Z,153539,153540,153628,5384,5385,5464,short,7503.0,7521.25,7499.0,7510.0,79,-7.0,-0.3836,loss,18906,7563,58bc710e2327655c105b13f43632b9a7d25125a22b8caf987526d43ab695e341,9c09f0a96c9e0e5e41e227ec57be14f0563d76ff65342bd4942b5423c4df1178
meanrev,CM.ESU6,228,2026-07-02T19:49:15.000Z,2026-07-02T19:49:30.000Z,2026-07-02T19:49:30.000Z,153629,153630,153630,5465,5466,5466,long,7509.5,7503.0,7510.75,7510.75,0,1.25,0.1923,win,18906,7563,58bc710e2327655c105b13f43632b9a7d25125a22b8caf987526d43ab695e341,9c09f0a96c9e0e5e41e227ec57be14f0563d76ff65342bd4942b5423c4df1178
meanrev,CM.ESU6,229,2026-07-02T19:50:15.000Z,2026-07-02T19:50:30.000Z,2026-07-02T19:55:15.000Z,153633,153634,153662,5469,5470,5489,short,7517.25,7524.25,7513.25,7524.25,19,-7.0,-1.0,loss,18906,7563,58bc710e2327655c105b13f43632b9a7d25125a22b8caf987526d43ab695e341,9c09f0a96c9e0e5e41e227ec57be14f0563d76ff65342bd4942b5423c4df1178
meanrev,CM.ESU6,230,2026-07-02T19:55:15.000Z,2026-07-02T19:55:30.000Z,2026-07-02T20:01:45.000Z,153662,153663,153688,5489,5490,5515,short,7523.0,7535.25,7520.5,7520.5,25,2.5,0.2041,win,18906,7563,58bc710e2327655c105b13f43632b9a7d25125a22b8caf987526d43ab695e341,9c09f0a96c9e0e5e41e227ec57be14f0563d76ff65342bd4942b5423c4df1178
meanrev,CM.ESU6,231,2026-07-02T20:05:15.000Z,2026-07-02T20:05:30.000Z,2026-07-02T20:06:15.000Z,153711,153712,153715,5529,5530,5533,long,7519.0,7510.25,7521.0,7521.0,3,2.0,0.2286,win,18906,7563,58bc710e2327655c105b13f43632b9a7d25125a22b8caf987526d43ab695e341,9c09f0a96c9e0e5e41e227ec57be14f0563d76ff65342bd4942b5423c4df1178
meanrev,CM.ESU6,232,2026-07-02T20:09:45.000Z,2026-07-02T20:10:00.000Z,2026-07-02T20:10:30.000Z,153729,153730,153732,5547,5548,5550,short,7523.0,7529.25,7521.5,7521.5,2,1.5,0.24,win,18906,7563,58bc710e2327655c105b13f43632b9a7d25125a22b8caf987526d43ab695e341,9c09f0a96c9e0e5e41e227ec57be14f0563d76ff65342bd4942b5423c4df1178
meanrev,CM.ESU6,233,2026-07-02T20:12:30.000Z,2026-07-02T20:12:45.000Z,2026-07-02T20:21:00.000Z,153740,153741,153783,5558,5559,5592,short,7523.5,7529.0,7522.25,7522.25,33,1.25,0.2273,win,18906,7563,58bc710e2327655c105b13f43632b9a7d25125a22b8caf987526d43ab695e341,9c09f0a96c9e0e5e41e227ec57be14f0563d76ff65342bd4942b5423c4df1178
meanrev,CM.ESU6,234,2026-07-02T20:21:00.000Z,2026-07-02T20:21:15.000Z,2026-07-02T20:26:30.000Z,153783,153784,153805,5592,5593,5614,long,7522.25,7518.75,7523.0,7523.0,21,0.75,0.2143,win,18906,7563,58bc710e2327655c105b13f43632b9a7d25125a22b8caf987526d43ab695e341,9c09f0a96c9e0e5e41e227ec57be14f0563d76ff65342bd4942b5423c4df1178
meanrev,CM.ESU6,235,2026-07-02T20:26:30.000Z,2026-07-02T20:26:45.000Z,2026-07-02T20:27:00.000Z,153805,153806,153807,5614,5615,5616,short,7522.5,7527.75,7521.5,7521.5,1,1.0,0.1905,win,18906,7563,58bc710e2327655c105b13f43632b9a7d25125a22b8caf987526d43ab695e341,9c09f0a96c9e0e5e41e227ec57be14f0563d76ff65342bd4942b5423c4df1178
meanrev,CM.ESU6,236,2026-07-02T20:31:45.000Z,2026-07-02T20:32:00.000Z,2026-07-02T20:33:00.000Z,153835,153836,153840,5635,5636,5640,short,7522.0,7524.75,7521.25,7521.25,4,0.75,0.2727,win,18906,7563,58bc710e2327655c105b13f43632b9a7d25125a22b8caf987526d43ab695e341,9c09f0a96c9e0e5e41e227ec57be14f0563d76ff65342bd4942b5423c4df1178
meanrev,CM.ESU6,237,2026-07-02T20:33:30.000Z,2026-07-02T20:33:45.000Z,2026-07-02T20:34:00.000Z,153842,153843,153844,5642,5643,5644,long,7520.25,7516.75,7521.0,7521.0,1,0.75,0.2143,win,18906,7563,58bc710e2327655c105b13f43632b9a7d25125a22b8caf987526d43ab695e341,9c09f0a96c9e0e5e41e227ec57be14f0563d76ff65342bd4942b5423c4df1178
meanrev,CM.ESU6,238,2026-07-02T20:34:30.000Z,2026-07-02T20:34:45.000Z,2026-07-02T20:39:00.000Z,153846,153847,153873,5646,5647,5664,short,7522.25,7526.5,7521.5,7521.5,17,0.75,0.1765,win,18906,7563,58bc710e2327655c105b13f43632b9a7d25125a22b8caf987526d43ab695e341,9c09f0a96c9e0e5e41e227ec57be14f0563d76ff65342bd4942b5423c4df1178
meanrev,CM.ESU6,239,2026-07-02T20:39:15.000Z,2026-07-02T20:39:30.000Z,2026-07-02T20:57:30.000Z,153874,153875,153965,5665,5666,5738,long,7521.75,7515.5,7522.75,7522.75,72,1.0,0.16,win,18906,7563,58bc710e2327655c105b13f43632b9a7d25125a22b8caf987526d43ab695e341,9c09f0a96c9e0e5e41e227ec57be14f0563d76ff65342bd4942b5423c4df1178
meanrev,CM.ESU6,240,2026-07-02T20:57:30.000Z,2026-07-02T20:57:45.000Z,2026-07-02T20:58:00.000Z,153965,153966,153967,5738,5739,5740,short,7523.0,7525.75,7521.75,7521.75,1,1.25,0.4545,win,18906,7563,58bc710e2327655c105b13f43632b9a7d25125a22b8caf987526d43ab695e341,9c09f0a96c9e0e5e41e227ec57be14f0563d76ff65342bd4942b5423c4df1178
meanrev,CM.ESU6,241,2026-07-02T20:59:00.000Z,2026-07-02T20:59:15.000Z,2026-07-02T22:07:30.000Z,153971,153972,154050,5744,5745,5778,short,7524.0,7529.0,7522.25,7529.0,33,-5.0,-1.0,loss,18906,7563,58bc710e2327655c105b13f43632b9a7d25125a22b8caf987526d43ab695e341,9c09f0a96c9e0e5e41e227ec57be14f0563d76ff65342bd4942b5423c4df1178
meanrev,CM.ESU6,242,2026-07-02T22:12:30.000Z,2026-07-02T22:12:45.000Z,2026-07-02T22:13:15.000Z,154079,154080,154082,5798,5799,5801,long,7527.75,7525.75,7528.5,7528.5,2,0.75,0.375,win,18906,7563,58bc710e2327655c105b13f43632b9a7d25125a22b8caf987526d43ab695e341,9c09f0a96c9e0e5e41e227ec57be14f0563d76ff65342bd4942b5423c4df1178
meanrev,CM.ESU6,243,2026-07-02T22:15:15.000Z,2026-07-02T22:15:30.000Z,2026-07-02T22:23:30.000Z,154089,154090,154131,5808,5809,5841,short,7529.0,7531.0,7528.5,7531.0,32,-2.0,-1.0,loss,18906,7563,58bc710e2327655c105b13f43632b9a7d25125a22b8caf987526d43ab695e341,9c09f0a96c9e0e5e41e227ec57be14f0563d76ff65342bd4942b5423c4df1178
meanrev,CM.ESU6,244,2026-07-02T22:23:30.000Z,2026-07-02T22:23:45.000Z,2026-07-02T22:25:15.000Z,154131,154132,154138,5841,5842,5848,short,7530.5,7532.5,7530.0,7530.0,6,0.5,0.25,win,18906,7563,58bc710e2327655c105b13f43632b9a7d25125a22b8caf987526d43ab695e341,9c09f0a96c9e0e5e41e227ec57be14f0563d76ff65342bd4942b5423c4df1178
meanrev,CM.ESU6,245,2026-07-02T22:29:30.000Z,2026-07-02T22:29:45.000Z,2026-07-02T22:34:30.000Z,154155,154156,154184,5865,5866,5885,long,7530.0,7526.5,7530.5,7530.5,19,0.5,0.1429,win,18906,7563,58bc710e2327655c105b13f43632b9a7d25125a22b8caf987526d43ab695e341,9c09f0a96c9e0e5e41e227ec57be14f0563d76ff65342bd4942b5423c4df1178
meanrev,CM.ESU6,246,2026-07-02T22:34:30.000Z,2026-07-02T22:34:45.000Z,2026-07-02T22:41:45.000Z,154184,154185,154213,5885,5886,5914,short,7530.5,7534.75,7529.25,7534.75,28,-4.25,-1.0,loss,18906,7563,58bc710e2327655c105b13f43632b9a7d25125a22b8caf987526d43ab695e341,9c09f0a96c9e0e5e41e227ec57be14f0563d76ff65342bd4942b5423c4df1178
meanrev,CM.ESU6,247,2026-07-02T22:44:00.000Z,2026-07-02T22:44:15.000Z,2026-07-02T22:47:30.000Z,154231,154232,154245,5923,5924,5937,short,7534.75,7537.75,7534.25,7534.25,13,0.5,0.1667,win,18906,7563,58bc710e2327655c105b13f43632b9a7d25125a22b8caf987526d43ab695e341,9c09f0a96c9e0e5e41e227ec57be14f0563d76ff65342bd4942b5423c4df1178
meanrev,CM.ESU6,248,2026-07-02T22:47:30.000Z,2026-07-02T22:47:45.000Z,2026-07-02T22:55:45.000Z,154245,154246,154285,5937,5938,5968,long,7534.0,7531.25,7534.75,7534.75,30,0.75,0.2727,win,18906,7563,58bc710e2327655c105b13f43632b9a7d25125a22b8caf987526d43ab695e341,9c09f0a96c9e0e5e41e227ec57be14f0563d76ff65342bd4942b5423c4df1178
meanrev,CM.ESU6,249,2026-07-02T22:55:45.000Z,2026-07-02T22:56:00.000Z,2026-07-02T23:04:15.000Z,154285,154286,154328,5968,5969,6002,short,7534.75,7537.75,7533.75,7533.75,33,1.0,0.3333,win,18906,7563,58bc710e2327655c105b13f43632b9a7d25125a22b8caf987526d43ab695e341,9c09f0a96c9e0e5e41e227ec57be14f0563d76ff65342bd4942b5423c4df1178
meanrev,CM.ESU6,250,2026-07-02T23:04:15.000Z,2026-07-02T23:04:30.000Z,2026-07-02T23:13:15.000Z,154328,154329,154373,6002,6003,6038,long,7533.5,7530.25,7534.5,7530.25,35,-3.25,-1.0,loss,18906,7563,58bc710e2327655c105b13f43632b9a7d25125a22b8caf987526d43ab695e341,9c09f0a96c9e0e5e41e227ec57be14f0563d76ff65342bd4942b5423c4df1178
meanrev,CM.ESU6,251,2026-07-02T23:13:15.000Z,2026-07-02T23:13:30.000Z,2026-07-02T23:16:45.000Z,154373,154374,154387,6038,6039,6052,long,7530.75,7525.75,7531.75,7531.75,13,1.0,0.2,win,18906,7563,58bc710e2327655c105b13f43632b9a7d25125a22b8caf987526d43ab695e341,9c09f0a96c9e0e5e41e227ec57be14f0563d76ff65342bd4942b5423c4df1178
meanrev,CM.ESU6,252,2026-07-02T23:17:00.000Z,2026-07-02T23:17:15.000Z,2026-07-02T23:18:15.000Z,154388,154389,154393,6053,6054,6058,short,7532.0,7537.5,7531.0,7531.0,4,1.0,0.1818,win,18906,7563,58bc710e2327655c105b13f43632b9a7d25125a22b8caf987526d43ab695e341,9c09f0a96c9e0e5e41e227ec57be14f0563d76ff65342bd4942b5423c4df1178
meanrev,CM.ESU6,253,2026-07-02T23:23:00.000Z,2026-07-02T23:23:15.000Z,2026-07-02T23:43:15.000Z,154420,154421,154518,6076,6077,6156,short,7534.25,7539.25,7532.25,7533.75,79,0.5,0.1,win,18906,7563,58bc710e2327655c105b13f43632b9a7d25125a22b8caf987526d43ab695e341,9c09f0a96c9e0e5e41e227ec57be14f0563d76ff65342bd4942b5423c4df1178
meanrev,CM.ESU6,254,2026-07-02T23:44:45.000Z,2026-07-02T23:45:00.000Z,2026-07-02T23:45:30.000Z,154524,154525,154527,6162,6163,6165,long,7533.5,7529.5,7534.25,7534.25,2,0.75,0.1875,win,18906,7563,58bc710e2327655c105b13f43632b9a7d25125a22b8caf987526d43ab695e341,9c09f0a96c9e0e5e41e227ec57be14f0563d76ff65342bd4942b5423c4df1178
meanrev,CM.ESU6,255,2026-07-02T23:46:15.000Z,2026-07-02T23:46:30.000Z,2026-07-02T23:47:00.000Z,154530,154531,154533,6168,6169,6171,short,7536.5,7541.75,7535.25,7535.25,2,1.25,0.2381,win,18906,7563,58bc710e2327655c105b13f43632b9a7d25125a22b8caf987526d43ab695e341,9c09f0a96c9e0e5e41e227ec57be14f0563d76ff65342bd4942b5423c4df1178
meanrev,CM.ESU6,256,2026-07-02T23:54:00.000Z,2026-07-02T23:54:15.000Z,2026-07-02T23:54:45.000Z,154561,154571,154573,6199,6200,6202,long,7535.75,7533.0,7536.25,7536.25,2,0.5,0.1818,win,18906,7563,58bc710e2327655c105b13f43632b9a7d25125a22b8caf987526d43ab695e341,9c09f0a96c9e0e5e41e227ec57be14f0563d76ff65342bd4942b5423c4df1178
meanrev,CM.ESU6,257,2026-07-02T23:59:45.000Z,2026-07-03T00:00:00.000Z,2026-07-03T00:00:00.000Z,154593,154594,154594,6222,6223,6223,short,7536.5,7539.0,7536.0,7536.0,0,0.5,0.2,win,18906,7563,58bc710e2327655c105b13f43632b9a7d25125a22b8caf987526d43ab695e341,9c09f0a96c9e0e5e41e227ec57be14f0563d76ff65342bd4942b5423c4df1178
meanrev,CM.ESU6,258,2026-07-03T00:00:15.000Z,2026-07-03T00:00:30.000Z,2026-07-03T00:01:15.000Z,154595,154596,154599,6224,6225,6228,short,7538.0,7540.5,7536.5,7536.5,3,1.5,0.6,win,18906,7563,58bc710e2327655c105b13f43632b9a7d25125a22b8caf987526d43ab695e341,9c09f0a96c9e0e5e41e227ec57be14f0563d76ff65342bd4942b5423c4df1178
meanrev,CM.ESU6,259,2026-07-03T00:01:45.000Z,2026-07-03T00:02:00.000Z,2026-07-03T00:04:00.000Z,154601,154602,154610,6230,6231,6239,long,7533.25,7524.0,7535.25,7535.25,8,2.0,0.2162,win,18906,7563,58bc710e2327655c105b13f43632b9a7d25125a22b8caf987526d43ab695e341,9c09f0a96c9e0e5e41e227ec57be14f0563d76ff65342bd4942b5423c4df1178
meanrev,CM.ESU6,260,2026-07-03T00:07:45.000Z,2026-07-03T00:08:00.000Z,2026-07-03T00:13:15.000Z,154634,154635,154656,6254,6255,6276,long,7531.0,7521.0,7532.75,7532.75,21,1.75,0.175,win,18906,7563,58bc710e2327655c105b13f43632b9a7d25125a22b8caf987526d43ab695e341,9c09f0a96c9e0e5e41e227ec57be14f0563d76ff65342bd4942b5423c4df1178
meanrev,CM.ESU6,261,2026-07-03T00:13:15.000Z,2026-07-03T00:13:30.000Z,2026-07-03T00:26:30.000Z,154656,154657,154718,6276,6277,6329,short,7532.5,7540.5,7530.75,7530.75,52,1.75,0.2188,win,18906,7563,58bc710e2327655c105b13f43632b9a7d25125a22b8caf987526d43ab695e341,9c09f0a96c9e0e5e41e227ec57be14f0563d76ff65342bd4942b5423c4df1178
meanrev,CM.ESU6,262,2026-07-03T00:26:30.000Z,2026-07-03T00:26:45.000Z,2026-07-03T00:27:15.000Z,154718,154719,154721,6329,6330,6332,long,7531.25,7524.0,7532.5,7532.5,2,1.25,0.1724,win,18906,7563,58bc710e2327655c105b13f43632b9a7d25125a22b8caf987526d43ab695e341,9c09f0a96c9e0e5e41e227ec57be14f0563d76ff65342bd4942b5423c4df1178
meanrev,CM.ESU6,263,2026-07-03T00:27:30.000Z,2026-07-03T00:27:45.000Z,2026-07-03T00:28:30.000Z,154722,154723,154726,6333,6334,6337,long,7530.5,7525.25,7532.0,7532.0,3,1.5,0.2857,win,18906,7563,58bc710e2327655c105b13f43632b9a7d25125a22b8caf987526d43ab695e341,9c09f0a96c9e0e5e41e227ec57be14f0563d76ff65342bd4942b5423c4df1178
meanrev,CM.ESU6,264,2026-07-03T00:30:15.000Z,2026-07-03T00:30:30.000Z,2026-07-03T00:31:45.000Z,154742,154743,154748,6344,6345,6350,long,7529.25,7522.5,7531.0,7531.0,5,1.75,0.2593,win,18906,7563,58bc710e2327655c105b13f43632b9a7d25125a22b8caf987526d43ab695e341,9c09f0a96c9e0e5e41e227ec57be14f0563d76ff65342bd4942b5423c4df1178
meanrev,CM.ESU6,265,2026-07-03T00:36:00.000Z,2026-07-03T00:36:15.000Z,2026-07-03T00:44:00.000Z,154765,154766,154806,6367,6368,6399,short,7531.5,7538.0,7530.25,7530.25,31,1.25,0.1923,win,18906,7563,58bc710e2327655c105b13f43632b9a7d25125a22b8caf987526d43ab695e341,9c09f0a96c9e0e5e41e227ec57be14f0563d76ff65342bd4942b5423c4df1178
meanrev,CM.ESU6,266,2026-07-03T00:48:15.000Z,2026-07-03T00:48:30.000Z,2026-07-03T00:49:00.000Z,154823,154824,154826,6416,6417,6419,short,7532.5,7538.25,7531.5,7531.5,2,1.0,0.1739,win,18906,7563,58bc710e2327655c105b13f43632b9a7d25125a22b8caf987526d43ab695e341,9c09f0a96c9e0e5e41e227ec57be14f0563d76ff65342bd4942b5423c4df1178
meanrev,CM.ESU6,267,2026-07-03T00:53:15.000Z,2026-07-03T00:53:30.000Z,2026-07-03T00:58:45.000Z,154851,154852,154873,6435,6436,6457,long,7531.25,7527.75,7531.75,7527.75,21,-3.5,-1.0,loss,18906,7563,58bc710e2327655c105b13f43632b9a7d25125a22b8caf987526d43ab695e341,9c09f0a96c9e0e5e41e227ec57be14f0563d76ff65342bd4942b5423c4df1178
meanrev,CM.ESU6,268,2026-07-03T00:58:45.000Z,2026-07-03T00:59:00.000Z,2026-07-03T00:59:30.000Z,154873,154874,154876,6457,6458,6460,long,7528.0,7523.0,7529.5,7529.5,2,1.5,0.3,win,18906,7563,58bc710e2327655c105b13f43632b9a7d25125a22b8caf987526d43ab695e341,9c09f0a96c9e0e5e41e227ec57be14f0563d76ff65342bd4942b5423c4df1178
meanrev,CM.ESU6,269,2026-07-03T01:01:30.000Z,2026-07-03T01:01:45.000Z,2026-07-03T01:01:45.000Z,154893,154894,154894,6468,6469,6469,short,7532.25,7539.5,7530.75,7530.75,0,1.5,0.2069,win,18906,7563,58bc710e2327655c105b13f43632b9a7d25125a22b8caf987526d43ab695e341,9c09f0a96c9e0e5e41e227ec57be14f0563d76ff65342bd4942b5423c4df1178
meanrev,CM.ESU6,270,2026-07-03T01:02:15.000Z,2026-07-03T01:02:30.000Z,2026-07-03T01:05:30.000Z,154896,154897,154909,6471,6472,6484,short,7533.0,7541.0,7531.0,7541.0,12,-8.0,-1.0,loss,18906,7563,58bc710e2327655c105b13f43632b9a7d25125a22b8caf987526d43ab695e341,9c09f0a96c9e0e5e41e227ec57be14f0563d76ff65342bd4942b5423c4df1178
meanrev,CM.ESU6,271,2026-07-03T01:05:45.000Z,2026-07-03T01:06:00.000Z,2026-07-03T01:25:45.000Z,154910,154911,155008,6485,6486,6565,short,7543.75,7571.75,7538.5,7548.75,79,-5.0,-0.1786,loss,18906,7563,58bc710e2327655c105b13f43632b9a7d25125a22b8caf987526d43ab695e341,9c09f0a96c9e0e5e41e227ec57be14f0563d76ff65342bd4942b5423c4df1178
meanrev,CM.ESU6,272,2026-07-03T01:30:15.000Z,2026-07-03T01:30:30.000Z,2026-07-03T01:31:00.000Z,155026,155027,155029,6583,6584,6586,long,7547.0,7543.25,7548.0,7548.0,2,1.0,0.2667,win,18906,7563,58bc710e2327655c105b13f43632b9a7d25125a22b8caf987526d43ab695e341,9c09f0a96c9e0e5e41e227ec57be14f0563d76ff65342bd4942b5423c4df1178
meanrev,CM.ESU6,273,2026-07-03T01:36:45.000Z,2026-07-03T01:37:00.000Z,2026-07-03T01:38:15.000Z,155061,155062,155067,6609,6610,6615,long,7547.75,7543.5,7548.5,7548.5,5,0.75,0.1765,win,18906,7563,58bc710e2327655c105b13f43632b9a7d25125a22b8caf987526d43ab695e341,9c09f0a96c9e0e5e41e227ec57be14f0563d76ff65342bd4942b5423c4df1178
meanrev,CM.ESU6,274,2026-07-03T01:40:30.000Z,2026-07-03T01:40:45.000Z,2026-07-03T01:43:45.000Z,155076,155077,155089,6624,6625,6637,short,7549.25,7553.25,7548.5,7548.5,12,0.75,0.1875,win,18906,7563,58bc710e2327655c105b13f43632b9a7d25125a22b8caf987526d43ab695e341,9c09f0a96c9e0e5e41e227ec57be14f0563d76ff65342bd4942b5423c4df1178
meanrev,CM.ESU6,275,2026-07-03T01:45:30.000Z,2026-07-03T01:45:45.000Z,2026-07-03T01:46:15.000Z,155096,155097,155099,6644,6645,6647,long,7548.75,7545.25,7549.25,7549.25,2,0.5,0.1429,win,18906,7563,58bc710e2327655c105b13f43632b9a7d25125a22b8caf987526d43ab695e341,9c09f0a96c9e0e5e41e227ec57be14f0563d76ff65342bd4942b5423c4df1178
meanrev,CM.ESU6,276,2026-07-03T01:49:00.000Z,2026-07-03T01:49:15.000Z,2026-07-03T01:50:00.000Z,155119,155120,155123,6658,6659,6662,short,7550.25,7554.0,7549.5,7549.5,3,0.75,0.2,win,18906,7563,58bc710e2327655c105b13f43632b9a7d25125a22b8caf987526d43ab695e341,9c09f0a96c9e0e5e41e227ec57be14f0563d76ff65342bd4942b5423c4df1178
meanrev,CM.ESU6,277,2026-07-03T01:50:15.000Z,2026-07-03T01:50:30.000Z,2026-07-03T01:50:30.000Z,155124,155125,155125,6663,6664,6664,short,7550.25,7555.0,7549.5,7549.5,0,0.75,0.1579,win,18906,7563,58bc710e2327655c105b13f43632b9a7d25125a22b8caf987526d43ab695e341,9c09f0a96c9e0e5e41e227ec57be14f0563d76ff65342bd4942b5423c4df1178
meanrev,CM.ESU6,278,2026-07-03T01:52:00.000Z,2026-07-03T01:52:15.000Z,2026-07-03T01:53:00.000Z,155131,155132,155135,6670,6671,6674,long,7548.25,7544.0,7549.25,7549.25,3,1.0,0.2353,win,18906,7563,58bc710e2327655c105b13f43632b9a7d25125a22b8caf987526d43ab695e341,9c09f0a96c9e0e5e41e227ec57be14f0563d76ff65342bd4942b5423c4df1178
meanrev,CM.ESU6,279,2026-07-03T01:59:30.000Z,2026-07-03T01:59:45.000Z,2026-07-03T02:00:15.000Z,155161,155162,155164,6700,6701,6703,long,7549.25,7546.75,7549.75,7549.75,2,0.5,0.2,win,18906,7563,58bc710e2327655c105b13f43632b9a7d25125a22b8caf987526d43ab695e341,9c09f0a96c9e0e5e41e227ec57be14f0563d76ff65342bd4942b5423c4df1178
meanrev,CM.ESU6,280,2026-07-03T02:05:30.000Z,2026-07-03T02:05:45.000Z,2026-07-03T02:11:00.000Z,155194,155195,155216,6724,6725,6746,short,7551.25,7553.25,7550.5,7550.5,21,0.75,0.375,win,18906,7563,58bc710e2327655c105b13f43632b9a7d25125a22b8caf987526d43ab695e341,9c09f0a96c9e0e5e41e227ec57be14f0563d76ff65342bd4942b5423c4df1178
meanrev,CM.ESU6,281,2026-07-03T02:11:00.000Z,2026-07-03T02:11:15.000Z,2026-07-03T02:18:00.000Z,155216,155217,155253,6746,6747,6774,long,7550.25,7546.0,7551.25,7551.25,27,1.0,0.2353,win,18906,7563,58bc710e2327655c105b13f43632b9a7d25125a22b8caf987526d43ab695e341,9c09f0a96c9e0e5e41e227ec57be14f0563d76ff65342bd4942b5423c4df1178
meanrev,CM.ESU6,282,2026-07-03T02:18:00.000Z,2026-07-03T02:18:15.000Z,2026-07-03T02:19:15.000Z,155253,155254,155258,6774,6775,6779,short,7551.25,7554.0,7550.0,7550.0,4,1.25,0.4545,win,18906,7563,58bc710e2327655c105b13f43632b9a7d25125a22b8caf987526d43ab695e341,9c09f0a96c9e0e5e41e227ec57be14f0563d76ff65342bd4942b5423c4df1178
meanrev,CM.ESU6,283,2026-07-03T02:25:15.000Z,2026-07-03T02:25:30.000Z,2026-07-03T02:26:15.000Z,155282,155283,155286,6803,6804,6807,short,7551.75,7554.5,7551.25,7551.25,3,0.5,0.1818,win,18906,7563,58bc710e2327655c105b13f43632b9a7d25125a22b8caf987526d43ab695e341,9c09f0a96c9e0e5e41e227ec57be14f0563d76ff65342bd4942b5423c4df1178
meanrev,CM.ESU6,284,2026-07-03T02:31:45.000Z,2026-07-03T02:32:00.000Z,2026-07-03T02:32:00.000Z,155317,155318,155318,6829,6830,6830,long,7551.25,7548.0,7551.75,7551.75,0,0.5,0.1538,win,18906,7563,58bc710e2327655c105b13f43632b9a7d25125a22b8caf987526d43ab695e341,9c09f0a96c9e0e5e41e227ec57be14f0563d76ff65342bd4942b5423c4df1178
meanrev,CM.ESU6,285,2026-07-03T02:35:15.000Z,2026-07-03T02:35:30.000Z,2026-07-03T02:39:15.000Z,155331,155332,155355,6843,6844,6858,long,7550.25,7547.5,7551.25,7551.25,14,1.0,0.3636,win,18906,7563,58bc710e2327655c105b13f43632b9a7d25125a22b8caf987526d43ab695e341,9c09f0a96c9e0e5e41e227ec57be14f0563d76ff65342bd4942b5423c4df1178
meanrev,CM.ESU6,286,2026-07-03T02:42:45.000Z,2026-07-03T02:43:00.000Z,2026-07-03T02:43:00.000Z,155369,155370,155370,6872,6873,6873,long,7549.25,7546.75,7549.75,7549.75,0,0.5,0.2,win,18906,7563,58bc710e2327655c105b13f43632b9a7d25125a22b8caf987526d43ab695e341,9c09f0a96c9e0e5e41e227ec57be14f0563d76ff65342bd4942b5423c4df1178
meanrev,CM.ESU6,287,2026-07-03T02:43:15.000Z,2026-07-03T02:43:30.000Z,2026-07-03T02:44:45.000Z,155371,155372,155377,6874,6875,6880,long,7549.0,7546.0,7549.75,7549.75,5,0.75,0.25,win,18906,7563,58bc710e2327655c105b13f43632b9a7d25125a22b8caf987526d43ab695e341,9c09f0a96c9e0e5e41e227ec57be14f0563d76ff65342bd4942b5423c4df1178
meanrev,CM.ESU6,288,2026-07-03T02:45:15.000Z,2026-07-03T02:45:30.000Z,2026-07-03T03:05:30.000Z,155379,155380,155477,6882,6883,6962,short,7550.75,7555.0,7550.0,7551.25,79,-0.5,-0.1176,loss,18906,7563,58bc710e2327655c105b13f43632b9a7d25125a22b8caf987526d43ab695e341,9c09f0a96c9e0e5e41e227ec57be14f0563d76ff65342bd4942b5423c4df1178
meanrev,CM.ESU6,289,2026-07-03T03:06:15.000Z,2026-07-03T03:06:30.000Z,2026-07-03T03:06:30.000Z,155480,155481,155481,6965,6966,6966,short,7552.5,7554.5,7551.75,7551.75,0,0.75,0.375,win,18906,7563,58bc710e2327655c105b13f43632b9a7d25125a22b8caf987526d43ab695e341,9c09f0a96c9e0e5e41e227ec57be14f0563d76ff65342bd4942b5423c4df1178
meanrev,CM.ESU6,290,2026-07-03T03:07:15.000Z,2026-07-03T03:07:30.000Z,2026-07-03T03:15:00.000Z,155484,155485,155524,6969,6970,7000,long,7551.0,7549.0,7551.5,7551.5,30,0.5,0.25,win,18906,7563,58bc710e2327655c105b13f43632b9a7d25125a22b8caf987526d43ab695e341,9c09f0a96c9e0e5e41e227ec57be14f0563d76ff65342bd4942b5423c4df1178
meanrev,CM.ESU6,291,2026-07-03T03:15:00.000Z,2026-07-03T03:15:15.000Z,2026-07-03T03:30:15.000Z,155524,155525,155593,7000,7001,7060,short,7551.75,7554.75,7550.75,7554.75,59,-3.0,-1.0,loss,18906,7563,58bc710e2327655c105b13f43632b9a7d25125a22b8caf987526d43ab695e341,9c09f0a96c9e0e5e41e227ec57be14f0563d76ff65342bd4942b5423c4df1178
meanrev,CM.ESU6,292,2026-07-03T03:30:15.000Z,2026-07-03T03:30:30.000Z,2026-07-03T03:32:15.000Z,155593,155594,155601,7060,7061,7068,short,7554.75,7560.0,7553.5,7553.5,7,1.25,0.2381,win,18906,7563,58bc710e2327655c105b13f43632b9a7d25125a22b8caf987526d43ab695e341,9c09f0a96c9e0e5e41e227ec57be14f0563d76ff65342bd4942b5423c4df1178
meanrev,CM.ESU6,293,2026-07-03T03:34:45.000Z,2026-07-03T03:35:00.000Z,2026-07-03T03:55:00.000Z,155611,155612,155709,7078,7079,7158,long,7552.5,7547.0,7553.5,7551.5,79,-1.0,-0.1818,loss,18906,7563,58bc710e2327655c105b13f43632b9a7d25125a22b8caf987526d43ab695e341,9c09f0a96c9e0e5e41e227ec57be14f0563d76ff65342bd4942b5423c4df1178
meanrev,CM.ESU6,294,2026-07-03T03:56:15.000Z,2026-07-03T03:56:30.000Z,2026-07-03T03:56:30.000Z,155713,155723,155723,7162,7163,7163,short,7553.0,7555.5,7552.25,7552.25,0,0.75,0.3,win,18906,7563,58bc710e2327655c105b13f43632b9a7d25125a22b8caf987526d43ab695e341,9c09f0a96c9e0e5e41e227ec57be14f0563d76ff65342bd4942b5423c4df1178
meanrev,CM.ESU6,295,2026-07-03T03:56:45.000Z,2026-07-03T03:57:00.000Z,2026-07-03T04:16:45.000Z,155724,155725,155813,7164,7165,7244,short,7553.0,7556.5,7552.25,7554.5,79,-1.5,-0.4286,loss,18906,7563,58bc710e2327655c105b13f43632b9a7d25125a22b8caf987526d43ab695e341,9c09f0a96c9e0e5e41e227ec57be14f0563d76ff65342bd4942b5423c4df1178
meanrev,CM.ESU6,296,2026-07-03T04:19:45.000Z,2026-07-03T04:20:00.000Z,2026-07-03T04:20:45.000Z,155833,155834,155837,7255,7256,7259,short,7555.0,7556.5,7554.75,7554.75,3,0.25,0.1667,win,18906,7563,58bc710e2327655c105b13f43632b9a7d25125a22b8caf987526d43ab695e341,9c09f0a96c9e0e5e41e227ec57be14f0563d76ff65342bd4942b5423c4df1178
meanrev,CM.ESU6,297,2026-07-03T04:26:00.000Z,2026-07-03T04:26:15.000Z,2026-07-03T04:26:30.000Z,155858,155859,155860,7280,7281,7282,long,7554.75,7554.0,7555.0,7555.0,1,0.25,0.3333,win,18906,7563,58bc710e2327655c105b13f43632b9a7d25125a22b8caf987526d43ab695e341,9c09f0a96c9e0e5e41e227ec57be14f0563d76ff65342bd4942b5423c4df1178
meanrev,CM.ESU6,298,2026-07-03T04:27:15.000Z,2026-07-03T04:27:30.000Z,2026-07-03T04:27:30.000Z,155863,155873,155873,7285,7286,7286,short,7555.5,7556.75,7555.25,7555.25,0,0.25,0.2,win,18906,7563,58bc710e2327655c105b13f43632b9a7d25125a22b8caf987526d43ab695e341,9c09f0a96c9e0e5e41e227ec57be14f0563d76ff65342bd4942b5423c4df1178
meanrev,CM.ESU6,299,2026-07-03T04:27:45.000Z,2026-07-03T04:28:00.000Z,2026-07-03T04:29:15.000Z,155874,155875,155880,7287,7288,7293,short,7555.75,7557.0,7555.25,7555.25,5,0.5,0.4,win,18906,7563,58bc710e2327655c105b13f43632b9a7d25125a22b8caf987526d43ab695e341,9c09f0a96c9e0e5e41e227ec57be14f0563d76ff65342bd4942b5423c4df1178
meanrev,CM.ESU6,300,2026-07-03T04:31:15.000Z,2026-07-03T04:31:30.000Z,2026-07-03T04:31:30.000Z,155888,155889,155889,7301,7302,7302,long,7555.0,7552.75,7555.25,7555.25,0,0.25,0.1111,win,18906,7563,58bc710e2327655c105b13f43632b9a7d25125a22b8caf987526d43ab695e341,9c09f0a96c9e0e5e41e227ec57be14f0563d76ff65342bd4942b5423c4df1178
meanrev,CM.ESU6,301,2026-07-03T04:35:00.000Z,2026-07-03T04:35:15.000Z,2026-07-03T04:36:45.000Z,155902,155903,155909,7315,7316,7322,long,7554.25,7552.0,7555.0,7555.0,6,0.75,0.3333,win,18906,7563,58bc710e2327655c105b13f43632b9a7d25125a22b8caf987526d43ab695e341,9c09f0a96c9e0e5e41e227ec57be14f0563d76ff65342bd4942b5423c4df1178
meanrev,CM.ESU6,302,2026-07-03T04:45:15.000Z,2026-07-03T04:45:30.000Z,2026-07-03T04:46:15.000Z,155951,155952,155954,7355,7356,7358,short,7556.25,7557.75,7556.0,7556.0,2,0.25,0.1667,win,18906,7563,58bc710e2327655c105b13f43632b9a7d25125a22b8caf987526d43ab695e341,9c09f0a96c9e0e5e41e227ec57be14f0563d76ff65342bd4942b5423c4df1178
meanrev,CM.ESU6,303,2026-07-03T04:47:30.000Z,2026-07-03T04:47:45.000Z,2026-07-03T04:50:15.000Z,155968,155969,155979,7363,7364,7374,long,7555.5,7554.25,7556.0,7554.25,10,-1.25,-1.0,loss,18906,7563,58bc710e2327655c105b13f43632b9a7d25125a22b8caf987526d43ab695e341,9c09f0a96c9e0e5e41e227ec57be14f0563d76ff65342bd4942b5423c4df1178
meanrev,CM.ESU6,304,2026-07-03T04:50:30.000Z,2026-07-03T04:50:45.000Z,2026-07-03T04:51:15.000Z,155980,155981,155983,7375,7376,7378,long,7554.5,7549.5,7555.25,7555.25,2,0.75,0.15,win,18906,7563,58bc710e2327655c105b13f43632b9a7d25125a22b8caf987526d43ab695e341,9c09f0a96c9e0e5e41e227ec57be14f0563d76ff65342bd4942b5423c4df1178
meanrev,CM.ESU6,305,2026-07-03T04:52:30.000Z,2026-07-03T04:52:45.000Z,2026-07-03T04:55:30.000Z,155988,155989,156009,7383,7384,7395,short,7556.25,7559.5,7555.5,7555.5,11,0.75,0.2308,win,18906,7563,58bc710e2327655c105b13f43632b9a7d25125a22b8caf987526d43ab695e341,9c09f0a96c9e0e5e41e227ec57be14f0563d76ff65342bd4942b5423c4df1178
meanrev,CM.ESU6,306,2026-07-03T05:01:30.000Z,2026-07-03T05:01:45.000Z,2026-07-03T05:02:45.000Z,156033,156034,156038,7419,7420,7424,long,7554.0,7552.0,7554.75,7552.0,4,-2.0,-1.0,loss,18906,7563,58bc710e2327655c105b13f43632b9a7d25125a22b8caf987526d43ab695e341,9c09f0a96c9e0e5e41e227ec57be14f0563d76ff65342bd4942b5423c4df1178
meanrev,CM.ESU6,307,2026-07-03T05:02:45.000Z,2026-07-03T05:03:00.000Z,2026-07-03T05:04:00.000Z,156038,156039,156043,7424,7425,7429,long,7552.0,7545.5,7553.75,7553.75,4,1.75,0.2692,win,18906,7563,58bc710e2327655c105b13f43632b9a7d25125a22b8caf987526d43ab695e341,9c09f0a96c9e0e5e41e227ec57be14f0563d76ff65342bd4942b5423c4df1178
meanrev,CM.ESU6,308,2026-07-03T05:09:30.000Z,2026-07-03T05:09:45.000Z,2026-07-03T05:10:15.000Z,156074,156075,156077,7451,7452,7454,long,7552.25,7549.0,7553.0,7553.0,2,0.75,0.2308,win,18906,7563,58bc710e2327655c105b13f43632b9a7d25125a22b8caf987526d43ab695e341,9c09f0a96c9e0e5e41e227ec57be14f0563d76ff65342bd4942b5423c4df1178
meanrev,CM.ESU6,309,2026-07-03T05:15:45.000Z,2026-07-03T05:16:00.000Z,2026-07-03T05:16:00.000Z,156108,156109,156109,7476,7477,7477,long,7552.25,7549.25,7552.75,7552.75,0,0.5,0.1667,win,18906,7563,58bc710e2327655c105b13f43632b9a7d25125a22b8caf987526d43ab695e341,9c09f0a96c9e0e5e41e227ec57be14f0563d76ff65342bd4942b5423c4df1178
meanrev,CM.ESU6,310,2026-07-03T05:20:30.000Z,2026-07-03T05:20:45.000Z,2026-07-03T05:26:15.000Z,156127,156128,156159,7495,7496,7518,long,7551.75,7549.75,7552.25,7552.25,22,0.5,0.25,win,18906,7563,58bc710e2327655c105b13f43632b9a7d25125a22b8caf987526d43ab695e341,9c09f0a96c9e0e5e41e227ec57be14f0563d76ff65342bd4942b5423c4df1178
meanrev,CM.ESU6,311,2026-07-03T05:26:15.000Z,2026-07-03T05:26:30.000Z,2026-07-03T05:35:30.000Z,156159,156160,156205,7518,7519,7555,short,7552.0,7555.0,7551.5,7555.0,36,-3.0,-1.0,loss,18906,7563,58bc710e2327655c105b13f43632b9a7d25125a22b8caf987526d43ab695e341,9c09f0a96c9e0e5e41e227ec57be14f0563d76ff65342bd4942b5423c4df1178
meanrev,CM.ESU6,312,2026-07-03T05:35:30.000Z,2026-07-03T05:35:45.000Z,2026-07-03T05:36:15.000Z,156205,156206,156208,7555,7556,7558,short,7554.75,7559.0,7554.0,7554.0,2,0.75,0.1765,win,18906,7563,58bc710e2327655c105b13f43632b9a7d25125a22b8caf987526d43ab695e341,9c09f0a96c9e0e5e41e227ec57be14f0563d76ff65342bd4942b5423c4df1178
